"naics","business","month","sales_millions","ordering"
"443141","Household appliance stores",1992 Jan,601,22
"443141","Household appliance stores",1992 Feb,576,22
"443141","Household appliance stores",1992 Mar,631,22
"443141","Household appliance stores",1992 Apr,643,22
"443141","Household appliance stores",1992 May,662,22
"443141","Household appliance stores",1992 Jun,746,22
"443141","Household appliance stores",1992 Jul,764,22
"443141","Household appliance stores",1992 Aug,727,22
"443141","Household appliance stores",1992 Sep,682,22
"443141","Household appliance stores",1992 Oct,732,22
"443141","Household appliance stores",1992 Nov,753,22
"443141","Household appliance stores",1992 Dec,920,22
"44412","Paint and wallpaper stores",1992 Jan,NA,26
"44412","Paint and wallpaper stores",1992 Feb,NA,26
"44412","Paint and wallpaper stores",1992 Mar,NA,26
"44412","Paint and wallpaper stores",1992 Apr,NA,26
"44412","Paint and wallpaper stores",1992 May,NA,26
"44412","Paint and wallpaper stores",1992 Jun,NA,26
"44412","Paint and wallpaper stores",1992 Jul,NA,26
"44412","Paint and wallpaper stores",1992 Aug,NA,26
"44412","Paint and wallpaper stores",1992 Sep,NA,26
"44412","Paint and wallpaper stores",1992 Oct,NA,26
"44412","Paint and wallpaper stores",1992 Nov,NA,26
"44412","Paint and wallpaper stores",1992 Dec,NA,26
"44812","Women's clothing stores",1992 Jan,1873,38
"44812","Women's clothing stores",1992 Feb,1991,38
"44812","Women's clothing stores",1992 Mar,2403,38
"44812","Women's clothing stores",1992 Apr,2665,38
"44812","Women's clothing stores",1992 May,2752,38
"44812","Women's clothing stores",1992 Jun,2424,38
"44812","Women's clothing stores",1992 Jul,2373,38
"44812","Women's clothing stores",1992 Aug,2657,38
"44812","Women's clothing stores",1992 Sep,2560,38
"44812","Women's clothing stores",1992 Oct,2755,38
"44812","Women's clothing stores",1992 Nov,2946,38
"44812","Women's clothing stores",1992 Dec,4416,38
"45111","Sporting goods stores",1992 Jan,972,44
"45111","Sporting goods stores",1992 Feb,1100,44
"45111","Sporting goods stores",1992 Mar,1214,44
"45111","Sporting goods stores",1992 Apr,1267,44
"45111","Sporting goods stores",1992 May,1293,44
"45111","Sporting goods stores",1992 Jun,1334,44
"45111","Sporting goods stores",1992 Jul,1340,44
"45111","Sporting goods stores",1992 Aug,1377,44
"45111","Sporting goods stores",1992 Sep,1206,44
"45111","Sporting goods stores",1992 Oct,1120,44
"45111","Sporting goods stores",1992 Nov,1207,44
"45111","Sporting goods stores",1992 Dec,2153,44
"443141","Household appliance stores",1993 Jan,641,22
"443141","Household appliance stores",1993 Feb,593,22
"443141","Household appliance stores",1993 Mar,669,22
"443141","Household appliance stores",1993 Apr,701,22
"443141","Household appliance stores",1993 May,727,22
"443141","Household appliance stores",1993 Jun,803,22
"443141","Household appliance stores",1993 Jul,920,22
"443141","Household appliance stores",1993 Aug,817,22
"443141","Household appliance stores",1993 Sep,741,22
"443141","Household appliance stores",1993 Oct,773,22
"443141","Household appliance stores",1993 Nov,804,22
"443141","Household appliance stores",1993 Dec,948,22
"44412","Paint and wallpaper stores",1993 Jan,NA,26
"44412","Paint and wallpaper stores",1993 Feb,NA,26
"44412","Paint and wallpaper stores",1993 Mar,NA,26
"44412","Paint and wallpaper stores",1993 Apr,NA,26
"44412","Paint and wallpaper stores",1993 May,NA,26
"44412","Paint and wallpaper stores",1993 Jun,NA,26
"44412","Paint and wallpaper stores",1993 Jul,NA,26
"44412","Paint and wallpaper stores",1993 Aug,NA,26
"44412","Paint and wallpaper stores",1993 Sep,NA,26
"44412","Paint and wallpaper stores",1993 Oct,NA,26
"44412","Paint and wallpaper stores",1993 Nov,NA,26
"44412","Paint and wallpaper stores",1993 Dec,NA,26
"44812","Women's clothing stores",1993 Jan,2123,38
"44812","Women's clothing stores",1993 Feb,2005,38
"44812","Women's clothing stores",1993 Mar,2442,38
"44812","Women's clothing stores",1993 Apr,2762,38
"44812","Women's clothing stores",1993 May,2873,38
"44812","Women's clothing stores",1993 Jun,2552,38
"44812","Women's clothing stores",1993 Jul,2539,38
"44812","Women's clothing stores",1993 Aug,2626,38
"44812","Women's clothing stores",1993 Sep,2622,38
"44812","Women's clothing stores",1993 Oct,2713,38
"44812","Women's clothing stores",1993 Nov,2923,38
"44812","Women's clothing stores",1993 Dec,4170,38
"45111","Sporting goods stores",1993 Jan,1032,44
"45111","Sporting goods stores",1993 Feb,984,44
"45111","Sporting goods stores",1993 Mar,1213,44
"45111","Sporting goods stores",1993 Apr,1367,44
"45111","Sporting goods stores",1993 May,1387,44
"45111","Sporting goods stores",1993 Jun,1457,44
"45111","Sporting goods stores",1993 Jul,1457,44
"45111","Sporting goods stores",1993 Aug,1531,44
"45111","Sporting goods stores",1993 Sep,1313,44
"45111","Sporting goods stores",1993 Oct,1199,44
"45111","Sporting goods stores",1993 Nov,1377,44
"45111","Sporting goods stores",1993 Dec,2474,44
"443141","Household appliance stores",1994 Jan,640,22
"443141","Household appliance stores",1994 Feb,592,22
"443141","Household appliance stores",1994 Mar,692,22
"443141","Household appliance stores",1994 Apr,676,22
"443141","Household appliance stores",1994 May,703,22
"443141","Household appliance stores",1994 Jun,829,22
"443141","Household appliance stores",1994 Jul,789,22
"443141","Household appliance stores",1994 Aug,771,22
"443141","Household appliance stores",1994 Sep,714,22
"443141","Household appliance stores",1994 Oct,746,22
"443141","Household appliance stores",1994 Nov,885,22
"443141","Household appliance stores",1994 Dec,1008,22
"44412","Paint and wallpaper stores",1994 Jan,NA,26
"44412","Paint and wallpaper stores",1994 Feb,NA,26
"44412","Paint and wallpaper stores",1994 Mar,NA,26
"44412","Paint and wallpaper stores",1994 Apr,NA,26
"44412","Paint and wallpaper stores",1994 May,NA,26
"44412","Paint and wallpaper stores",1994 Jun,NA,26
"44412","Paint and wallpaper stores",1994 Jul,NA,26
"44412","Paint and wallpaper stores",1994 Aug,NA,26
"44412","Paint and wallpaper stores",1994 Sep,NA,26
"44412","Paint and wallpaper stores",1994 Oct,NA,26
"44412","Paint and wallpaper stores",1994 Nov,NA,26
"44412","Paint and wallpaper stores",1994 Dec,NA,26
"44812","Women's clothing stores",1994 Jan,1786,38
"44812","Women's clothing stores",1994 Feb,1970,38
"44812","Women's clothing stores",1994 Mar,2560,38
"44812","Women's clothing stores",1994 Apr,2558,38
"44812","Women's clothing stores",1994 May,2552,38
"44812","Women's clothing stores",1994 Jun,2447,38
"44812","Women's clothing stores",1994 Jul,2248,38
"44812","Women's clothing stores",1994 Aug,2538,38
"44812","Women's clothing stores",1994 Sep,2418,38
"44812","Women's clothing stores",1994 Oct,2572,38
"44812","Women's clothing stores",1994 Nov,2798,38
"44812","Women's clothing stores",1994 Dec,4138,38
"45111","Sporting goods stores",1994 Jan,1168,44
"45111","Sporting goods stores",1994 Feb,1193,44
"45111","Sporting goods stores",1994 Mar,1488,44
"45111","Sporting goods stores",1994 Apr,1551,44
"45111","Sporting goods stores",1994 May,1551,44
"45111","Sporting goods stores",1994 Jun,1677,44
"45111","Sporting goods stores",1994 Jul,1584,44
"45111","Sporting goods stores",1994 Aug,1737,44
"45111","Sporting goods stores",1994 Sep,1470,44
"45111","Sporting goods stores",1994 Oct,1324,44
"45111","Sporting goods stores",1994 Nov,1471,44
"45111","Sporting goods stores",1994 Dec,2611,44
"443141","Household appliance stores",1995 Jan,744,22
"443141","Household appliance stores",1995 Feb,667,22
"443141","Household appliance stores",1995 Mar,794,22
"443141","Household appliance stores",1995 Apr,724,22
"443141","Household appliance stores",1995 May,823,22
"443141","Household appliance stores",1995 Jun,890,22
"443141","Household appliance stores",1995 Jul,923,22
"443141","Household appliance stores",1995 Aug,896,22
"443141","Household appliance stores",1995 Sep,799,22
"443141","Household appliance stores",1995 Oct,800,22
"443141","Household appliance stores",1995 Nov,893,22
"443141","Household appliance stores",1995 Dec,1027,22
"44412","Paint and wallpaper stores",1995 Jan,NA,26
"44412","Paint and wallpaper stores",1995 Feb,NA,26
"44412","Paint and wallpaper stores",1995 Mar,NA,26
"44412","Paint and wallpaper stores",1995 Apr,NA,26
"44412","Paint and wallpaper stores",1995 May,NA,26
"44412","Paint and wallpaper stores",1995 Jun,NA,26
"44412","Paint and wallpaper stores",1995 Jul,NA,26
"44412","Paint and wallpaper stores",1995 Aug,NA,26
"44412","Paint and wallpaper stores",1995 Sep,NA,26
"44412","Paint and wallpaper stores",1995 Oct,NA,26
"44412","Paint and wallpaper stores",1995 Nov,NA,26
"44412","Paint and wallpaper stores",1995 Dec,NA,26
"44812","Women's clothing stores",1995 Jan,1723,38
"44812","Women's clothing stores",1995 Feb,1810,38
"44812","Women's clothing stores",1995 Mar,2393,38
"44812","Women's clothing stores",1995 Apr,2438,38
"44812","Women's clothing stores",1995 May,2535,38
"44812","Women's clothing stores",1995 Jun,2357,38
"44812","Women's clothing stores",1995 Jul,2172,38
"44812","Women's clothing stores",1995 Aug,2326,38
"44812","Women's clothing stores",1995 Sep,2370,38
"44812","Women's clothing stores",1995 Oct,2312,38
"44812","Women's clothing stores",1995 Nov,2567,38
"44812","Women's clothing stores",1995 Dec,3693,38
"45111","Sporting goods stores",1995 Jan,1224,44
"45111","Sporting goods stores",1995 Feb,1248,44
"45111","Sporting goods stores",1995 Mar,1599,44
"45111","Sporting goods stores",1995 Apr,1606,44
"45111","Sporting goods stores",1995 May,1645,44
"45111","Sporting goods stores",1995 Jun,1750,44
"45111","Sporting goods stores",1995 Jul,1705,44
"45111","Sporting goods stores",1995 Aug,1846,44
"45111","Sporting goods stores",1995 Sep,1569,44
"45111","Sporting goods stores",1995 Oct,1398,44
"45111","Sporting goods stores",1995 Nov,1548,44
"45111","Sporting goods stores",1995 Dec,2731,44
"443141","Household appliance stores",1996 Jan,748,22
"443141","Household appliance stores",1996 Feb,699,22
"443141","Household appliance stores",1996 Mar,784,22
"443141","Household appliance stores",1996 Apr,802,22
"443141","Household appliance stores",1996 May,858,22
"443141","Household appliance stores",1996 Jun,853,22
"443141","Household appliance stores",1996 Jul,855,22
"443141","Household appliance stores",1996 Aug,899,22
"443141","Household appliance stores",1996 Sep,817,22
"443141","Household appliance stores",1996 Oct,856,22
"443141","Household appliance stores",1996 Nov,944,22
"443141","Household appliance stores",1996 Dec,1100,22
"44412","Paint and wallpaper stores",1996 Jan,NA,26
"44412","Paint and wallpaper stores",1996 Feb,NA,26
"44412","Paint and wallpaper stores",1996 Mar,NA,26
"44412","Paint and wallpaper stores",1996 Apr,NA,26
"44412","Paint and wallpaper stores",1996 May,NA,26
"44412","Paint and wallpaper stores",1996 Jun,NA,26
"44412","Paint and wallpaper stores",1996 Jul,NA,26
"44412","Paint and wallpaper stores",1996 Aug,NA,26
"44412","Paint and wallpaper stores",1996 Sep,NA,26
"44412","Paint and wallpaper stores",1996 Oct,NA,26
"44412","Paint and wallpaper stores",1996 Nov,NA,26
"44412","Paint and wallpaper stores",1996 Dec,NA,26
"44812","Women's clothing stores",1996 Jan,1565,38
"44812","Women's clothing stores",1996 Feb,1834,38
"44812","Women's clothing stores",1996 Mar,2193,38
"44812","Women's clothing stores",1996 Apr,2346,38
"44812","Women's clothing stores",1996 May,2552,38
"44812","Women's clothing stores",1996 Jun,2375,38
"44812","Women's clothing stores",1996 Jul,2072,38
"44812","Women's clothing stores",1996 Aug,2353,38
"44812","Women's clothing stores",1996 Sep,2276,38
"44812","Women's clothing stores",1996 Oct,2413,38
"44812","Women's clothing stores",1996 Nov,2594,38
"44812","Women's clothing stores",1996 Dec,3665,38
"45111","Sporting goods stores",1996 Jan,1327,44
"45111","Sporting goods stores",1996 Feb,1309,44
"45111","Sporting goods stores",1996 Mar,1649,44
"45111","Sporting goods stores",1996 Apr,1702,44
"45111","Sporting goods stores",1996 May,1773,44
"45111","Sporting goods stores",1996 Jun,1895,44
"45111","Sporting goods stores",1996 Jul,1833,44
"45111","Sporting goods stores",1996 Aug,1992,44
"45111","Sporting goods stores",1996 Sep,1594,44
"45111","Sporting goods stores",1996 Oct,1453,44
"45111","Sporting goods stores",1996 Nov,1608,44
"45111","Sporting goods stores",1996 Dec,2675,44
"443141","Household appliance stores",1997 Jan,778,22
"443141","Household appliance stores",1997 Feb,724,22
"443141","Household appliance stores",1997 Mar,809,22
"443141","Household appliance stores",1997 Apr,792,22
"443141","Household appliance stores",1997 May,841,22
"443141","Household appliance stores",1997 Jun,919,22
"443141","Household appliance stores",1997 Jul,970,22
"443141","Household appliance stores",1997 Aug,886,22
"443141","Household appliance stores",1997 Sep,828,22
"443141","Household appliance stores",1997 Oct,858,22
"443141","Household appliance stores",1997 Nov,903,22
"443141","Household appliance stores",1997 Dec,1066,22
"44412","Paint and wallpaper stores",1997 Jan,NA,26
"44412","Paint and wallpaper stores",1997 Feb,NA,26
"44412","Paint and wallpaper stores",1997 Mar,NA,26
"44412","Paint and wallpaper stores",1997 Apr,NA,26
"44412","Paint and wallpaper stores",1997 May,NA,26
"44412","Paint and wallpaper stores",1997 Jun,NA,26
"44412","Paint and wallpaper stores",1997 Jul,NA,26
"44412","Paint and wallpaper stores",1997 Aug,NA,26
"44412","Paint and wallpaper stores",1997 Sep,NA,26
"44412","Paint and wallpaper stores",1997 Oct,NA,26
"44412","Paint and wallpaper stores",1997 Nov,NA,26
"44412","Paint and wallpaper stores",1997 Dec,NA,26
"44812","Women's clothing stores",1997 Jan,1699,38
"44812","Women's clothing stores",1997 Feb,1813,38
"44812","Women's clothing stores",1997 Mar,2353,38
"44812","Women's clothing stores",1997 Apr,2227,38
"44812","Women's clothing stores",1997 May,2429,38
"44812","Women's clothing stores",1997 Jun,2199,38
"44812","Women's clothing stores",1997 Jul,2103,38
"44812","Women's clothing stores",1997 Aug,2334,38
"44812","Women's clothing stores",1997 Sep,2265,38
"44812","Women's clothing stores",1997 Oct,2358,38
"44812","Women's clothing stores",1997 Nov,2486,38
"44812","Women's clothing stores",1997 Dec,3556,38
"45111","Sporting goods stores",1997 Jan,1337,44
"45111","Sporting goods stores",1997 Feb,1331,44
"45111","Sporting goods stores",1997 Mar,1609,44
"45111","Sporting goods stores",1997 Apr,1726,44
"45111","Sporting goods stores",1997 May,1788,44
"45111","Sporting goods stores",1997 Jun,1970,44
"45111","Sporting goods stores",1997 Jul,1838,44
"45111","Sporting goods stores",1997 Aug,1955,44
"45111","Sporting goods stores",1997 Sep,1595,44
"45111","Sporting goods stores",1997 Oct,1521,44
"45111","Sporting goods stores",1997 Nov,1651,44
"45111","Sporting goods stores",1997 Dec,2846,44
"443141","Household appliance stores",1998 Jan,830,22
"443141","Household appliance stores",1998 Feb,769,22
"443141","Household appliance stores",1998 Mar,853,22
"443141","Household appliance stores",1998 Apr,839,22
"443141","Household appliance stores",1998 May,921,22
"443141","Household appliance stores",1998 Jun,999,22
"443141","Household appliance stores",1998 Jul,1043,22
"443141","Household appliance stores",1998 Aug,962,22
"443141","Household appliance stores",1998 Sep,889,22
"443141","Household appliance stores",1998 Oct,932,22
"443141","Household appliance stores",1998 Nov,947,22
"443141","Household appliance stores",1998 Dec,1115,22
"44412","Paint and wallpaper stores",1998 Jan,NA,26
"44412","Paint and wallpaper stores",1998 Feb,NA,26
"44412","Paint and wallpaper stores",1998 Mar,NA,26
"44412","Paint and wallpaper stores",1998 Apr,NA,26
"44412","Paint and wallpaper stores",1998 May,NA,26
"44412","Paint and wallpaper stores",1998 Jun,NA,26
"44412","Paint and wallpaper stores",1998 Jul,NA,26
"44412","Paint and wallpaper stores",1998 Aug,NA,26
"44412","Paint and wallpaper stores",1998 Sep,NA,26
"44412","Paint and wallpaper stores",1998 Oct,NA,26
"44412","Paint and wallpaper stores",1998 Nov,NA,26
"44412","Paint and wallpaper stores",1998 Dec,NA,26
"44812","Women's clothing stores",1998 Jan,1722,38
"44812","Women's clothing stores",1998 Feb,1767,38
"44812","Women's clothing stores",1998 Mar,2194,38
"44812","Women's clothing stores",1998 Apr,2507,38
"44812","Women's clothing stores",1998 May,2512,38
"44812","Women's clothing stores",1998 Jun,2254,38
"44812","Women's clothing stores",1998 Jul,2222,38
"44812","Women's clothing stores",1998 Aug,2327,38
"44812","Women's clothing stores",1998 Sep,2244,38
"44812","Women's clothing stores",1998 Oct,2422,38
"44812","Women's clothing stores",1998 Nov,2531,38
"44812","Women's clothing stores",1998 Dec,3630,38
"45111","Sporting goods stores",1998 Jan,1381,44
"45111","Sporting goods stores",1998 Feb,1407,44
"45111","Sporting goods stores",1998 Mar,1754,44
"45111","Sporting goods stores",1998 Apr,1820,44
"45111","Sporting goods stores",1998 May,1938,44
"45111","Sporting goods stores",1998 Jun,2120,44
"45111","Sporting goods stores",1998 Jul,1975,44
"45111","Sporting goods stores",1998 Aug,2038,44
"45111","Sporting goods stores",1998 Sep,1701,44
"45111","Sporting goods stores",1998 Oct,1607,44
"45111","Sporting goods stores",1998 Nov,1685,44
"45111","Sporting goods stores",1998 Dec,2858,44
"443141","Household appliance stores",1999 Jan,842,22
"443141","Household appliance stores",1999 Feb,814,22
"443141","Household appliance stores",1999 Mar,943,22
"443141","Household appliance stores",1999 Apr,926,22
"443141","Household appliance stores",1999 May,950,22
"443141","Household appliance stores",1999 Jun,1105,22
"443141","Household appliance stores",1999 Jul,1200,22
"443141","Household appliance stores",1999 Aug,1019,22
"443141","Household appliance stores",1999 Sep,989,22
"443141","Household appliance stores",1999 Oct,997,22
"443141","Household appliance stores",1999 Nov,1051,22
"443141","Household appliance stores",1999 Dec,1246,22
"44412","Paint and wallpaper stores",1999 Jan,NA,26
"44412","Paint and wallpaper stores",1999 Feb,NA,26
"44412","Paint and wallpaper stores",1999 Mar,NA,26
"44412","Paint and wallpaper stores",1999 Apr,NA,26
"44412","Paint and wallpaper stores",1999 May,NA,26
"44412","Paint and wallpaper stores",1999 Jun,NA,26
"44412","Paint and wallpaper stores",1999 Jul,NA,26
"44412","Paint and wallpaper stores",1999 Aug,NA,26
"44412","Paint and wallpaper stores",1999 Sep,NA,26
"44412","Paint and wallpaper stores",1999 Oct,NA,26
"44412","Paint and wallpaper stores",1999 Nov,NA,26
"44412","Paint and wallpaper stores",1999 Dec,NA,26
"44812","Women's clothing stores",1999 Jan,1745,38
"44812","Women's clothing stores",1999 Feb,1883,38
"44812","Women's clothing stores",1999 Mar,2507,38
"44812","Women's clothing stores",1999 Apr,2616,38
"44812","Women's clothing stores",1999 May,2687,38
"44812","Women's clothing stores",1999 Jun,2405,38
"44812","Women's clothing stores",1999 Jul,2303,38
"44812","Women's clothing stores",1999 Aug,2407,38
"44812","Women's clothing stores",1999 Sep,2353,38
"44812","Women's clothing stores",1999 Oct,2440,38
"44812","Women's clothing stores",1999 Nov,2564,38
"44812","Women's clothing stores",1999 Dec,3639,38
"45111","Sporting goods stores",1999 Jan,1485,44
"45111","Sporting goods stores",1999 Feb,1469,44
"45111","Sporting goods stores",1999 Mar,1827,44
"45111","Sporting goods stores",1999 Apr,1888,44
"45111","Sporting goods stores",1999 May,1993,44
"45111","Sporting goods stores",1999 Jun,2215,44
"45111","Sporting goods stores",1999 Jul,2062,44
"45111","Sporting goods stores",1999 Aug,2143,44
"45111","Sporting goods stores",1999 Sep,1847,44
"45111","Sporting goods stores",1999 Oct,1711,44
"45111","Sporting goods stores",1999 Nov,1832,44
"45111","Sporting goods stores",1999 Dec,3227,44
"443141","Household appliance stores",2000 Jan,926,22
"443141","Household appliance stores",2000 Feb,929,22
"443141","Household appliance stores",2000 Mar,1013,22
"443141","Household appliance stores",2000 Apr,962,22
"443141","Household appliance stores",2000 May,1108,22
"443141","Household appliance stores",2000 Jun,1119,22
"443141","Household appliance stores",2000 Jul,1037,22
"443141","Household appliance stores",2000 Aug,1088,22
"443141","Household appliance stores",2000 Sep,1031,22
"443141","Household appliance stores",2000 Oct,1045,22
"443141","Household appliance stores",2000 Nov,1124,22
"443141","Household appliance stores",2000 Dec,1248,22
"44412","Paint and wallpaper stores",2000 Jan,NA,26
"44412","Paint and wallpaper stores",2000 Feb,NA,26
"44412","Paint and wallpaper stores",2000 Mar,NA,26
"44412","Paint and wallpaper stores",2000 Apr,NA,26
"44412","Paint and wallpaper stores",2000 May,NA,26
"44412","Paint and wallpaper stores",2000 Jun,NA,26
"44412","Paint and wallpaper stores",2000 Jul,NA,26
"44412","Paint and wallpaper stores",2000 Aug,NA,26
"44412","Paint and wallpaper stores",2000 Sep,NA,26
"44412","Paint and wallpaper stores",2000 Oct,NA,26
"44412","Paint and wallpaper stores",2000 Nov,NA,26
"44412","Paint and wallpaper stores",2000 Dec,NA,26
"44812","Women's clothing stores",2000 Jan,1682,38
"44812","Women's clothing stores",2000 Feb,1991,38
"44812","Women's clothing stores",2000 Mar,2670,38
"44812","Women's clothing stores",2000 Apr,2706,38
"44812","Women's clothing stores",2000 May,2810,38
"44812","Women's clothing stores",2000 Jun,2564,38
"44812","Women's clothing stores",2000 Jul,2382,38
"44812","Women's clothing stores",2000 Aug,2640,38
"44812","Women's clothing stores",2000 Sep,2658,38
"44812","Women's clothing stores",2000 Oct,2648,38
"44812","Women's clothing stores",2000 Nov,2823,38
"44812","Women's clothing stores",2000 Dec,3873,38
"45111","Sporting goods stores",2000 Jan,1591,44
"45111","Sporting goods stores",2000 Feb,1681,44
"45111","Sporting goods stores",2000 Mar,2065,44
"45111","Sporting goods stores",2000 Apr,1991,44
"45111","Sporting goods stores",2000 May,2187,44
"45111","Sporting goods stores",2000 Jun,2319,44
"45111","Sporting goods stores",2000 Jul,2237,44
"45111","Sporting goods stores",2000 Aug,2257,44
"45111","Sporting goods stores",2000 Sep,2007,44
"45111","Sporting goods stores",2000 Oct,1725,44
"45111","Sporting goods stores",2000 Nov,1939,44
"45111","Sporting goods stores",2000 Dec,3309,44
"443141","Household appliance stores",2001 Jan,996,22
"443141","Household appliance stores",2001 Feb,938,22
"443141","Household appliance stores",2001 Mar,1043,22
"443141","Household appliance stores",2001 Apr,999,22
"443141","Household appliance stores",2001 May,1079,22
"443141","Household appliance stores",2001 Jun,1166,22
"443141","Household appliance stores",2001 Jul,1142,22
"443141","Household appliance stores",2001 Aug,1226,22
"443141","Household appliance stores",2001 Sep,1047,22
"443141","Household appliance stores",2001 Oct,1164,22
"443141","Household appliance stores",2001 Nov,1249,22
"443141","Household appliance stores",2001 Dec,1430,22
"44412","Paint and wallpaper stores",2001 Jan,576,26
"44412","Paint and wallpaper stores",2001 Feb,571,26
"44412","Paint and wallpaper stores",2001 Mar,693,26
"44412","Paint and wallpaper stores",2001 Apr,739,26
"44412","Paint and wallpaper stores",2001 May,814,26
"44412","Paint and wallpaper stores",2001 Jun,829,26
"44412","Paint and wallpaper stores",2001 Jul,830,26
"44412","Paint and wallpaper stores",2001 Aug,863,26
"44412","Paint and wallpaper stores",2001 Sep,684,26
"44412","Paint and wallpaper stores",2001 Oct,791,26
"44412","Paint and wallpaper stores",2001 Nov,662,26
"44412","Paint and wallpaper stores",2001 Dec,537,26
"44812","Women's clothing stores",2001 Jan,1946,38
"44812","Women's clothing stores",2001 Feb,2154,38
"44812","Women's clothing stores",2001 Mar,2671,38
"44812","Women's clothing stores",2001 Apr,2801,38
"44812","Women's clothing stores",2001 May,2747,38
"44812","Women's clothing stores",2001 Jun,2507,38
"44812","Women's clothing stores",2001 Jul,2311,38
"44812","Women's clothing stores",2001 Aug,2661,38
"44812","Women's clothing stores",2001 Sep,2394,38
"44812","Women's clothing stores",2001 Oct,2615,38
"44812","Women's clothing stores",2001 Nov,2786,38
"44812","Women's clothing stores",2001 Dec,3860,38
"45111","Sporting goods stores",2001 Jan,1739,44
"45111","Sporting goods stores",2001 Feb,1704,44
"45111","Sporting goods stores",2001 Mar,2111,44
"45111","Sporting goods stores",2001 Apr,2071,44
"45111","Sporting goods stores",2001 May,2185,44
"45111","Sporting goods stores",2001 Jun,2352,44
"45111","Sporting goods stores",2001 Jul,2199,44
"45111","Sporting goods stores",2001 Aug,2382,44
"45111","Sporting goods stores",2001 Sep,1984,44
"45111","Sporting goods stores",2001 Oct,1882,44
"45111","Sporting goods stores",2001 Nov,2151,44
"45111","Sporting goods stores",2001 Dec,3398,44
"443141","Household appliance stores",2002 Jan,1085,22
"443141","Household appliance stores",2002 Feb,1036,22
"443141","Household appliance stores",2002 Mar,1152,22
"443141","Household appliance stores",2002 Apr,1160,22
"443141","Household appliance stores",2002 May,1194,22
"443141","Household appliance stores",2002 Jun,1209,22
"443141","Household appliance stores",2002 Jul,1285,22
"443141","Household appliance stores",2002 Aug,1204,22
"443141","Household appliance stores",2002 Sep,1111,22
"443141","Household appliance stores",2002 Oct,1157,22
"443141","Household appliance stores",2002 Nov,1228,22
"443141","Household appliance stores",2002 Dec,1384,22
"44412","Paint and wallpaper stores",2002 Jan,566,26
"44412","Paint and wallpaper stores",2002 Feb,553,26
"44412","Paint and wallpaper stores",2002 Mar,631,26
"44412","Paint and wallpaper stores",2002 Apr,709,26
"44412","Paint and wallpaper stores",2002 May,760,26
"44412","Paint and wallpaper stores",2002 Jun,737,26
"44412","Paint and wallpaper stores",2002 Jul,790,26
"44412","Paint and wallpaper stores",2002 Aug,788,26
"44412","Paint and wallpaper stores",2002 Sep,705,26
"44412","Paint and wallpaper stores",2002 Oct,744,26
"44412","Paint and wallpaper stores",2002 Nov,597,26
"44412","Paint and wallpaper stores",2002 Dec,516,26
"44812","Women's clothing stores",2002 Jan,1987,38
"44812","Women's clothing stores",2002 Feb,2159,38
"44812","Women's clothing stores",2002 Mar,2779,38
"44812","Women's clothing stores",2002 Apr,2680,38
"44812","Women's clothing stores",2002 May,2755,38
"44812","Women's clothing stores",2002 Jun,2478,38
"44812","Women's clothing stores",2002 Jul,2260,38
"44812","Women's clothing stores",2002 Aug,2538,38
"44812","Women's clothing stores",2002 Sep,2373,38
"44812","Women's clothing stores",2002 Oct,2531,38
"44812","Women's clothing stores",2002 Nov,2740,38
"44812","Women's clothing stores",2002 Dec,3966,38
"45111","Sporting goods stores",2002 Jan,1739,44
"45111","Sporting goods stores",2002 Feb,1763,44
"45111","Sporting goods stores",2002 Mar,2167,44
"45111","Sporting goods stores",2002 Apr,2157,44
"45111","Sporting goods stores",2002 May,2141,44
"45111","Sporting goods stores",2002 Jun,2276,44
"45111","Sporting goods stores",2002 Jul,2177,44
"45111","Sporting goods stores",2002 Aug,2384,44
"45111","Sporting goods stores",2002 Sep,1998,44
"45111","Sporting goods stores",2002 Oct,1897,44
"45111","Sporting goods stores",2002 Nov,2133,44
"45111","Sporting goods stores",2002 Dec,3387,44
"443141","Household appliance stores",2003 Jan,1079,22
"443141","Household appliance stores",2003 Feb,970,22
"443141","Household appliance stores",2003 Mar,1096,22
"443141","Household appliance stores",2003 Apr,1067,22
"443141","Household appliance stores",2003 May,1165,22
"443141","Household appliance stores",2003 Jun,1216,22
"443141","Household appliance stores",2003 Jul,1285,22
"443141","Household appliance stores",2003 Aug,1273,22
"443141","Household appliance stores",2003 Sep,1218,22
"443141","Household appliance stores",2003 Oct,1265,22
"443141","Household appliance stores",2003 Nov,1305,22
"443141","Household appliance stores",2003 Dec,1525,22
"44412","Paint and wallpaper stores",2003 Jan,564,26
"44412","Paint and wallpaper stores",2003 Feb,535,26
"44412","Paint and wallpaper stores",2003 Mar,640,26
"44412","Paint and wallpaper stores",2003 Apr,716,26
"44412","Paint and wallpaper stores",2003 May,769,26
"44412","Paint and wallpaper stores",2003 Jun,792,26
"44412","Paint and wallpaper stores",2003 Jul,845,26
"44412","Paint and wallpaper stores",2003 Aug,798,26
"44412","Paint and wallpaper stores",2003 Sep,782,26
"44412","Paint and wallpaper stores",2003 Oct,822,26
"44412","Paint and wallpaper stores",2003 Nov,626,26
"44412","Paint and wallpaper stores",2003 Dec,589,26
"44812","Women's clothing stores",2003 Jan,2055,38
"44812","Women's clothing stores",2003 Feb,2091,38
"44812","Women's clothing stores",2003 Mar,2619,38
"44812","Women's clothing stores",2003 Apr,2724,38
"44812","Women's clothing stores",2003 May,2813,38
"44812","Women's clothing stores",2003 Jun,2536,38
"44812","Women's clothing stores",2003 Jul,2450,38
"44812","Women's clothing stores",2003 Aug,2597,38
"44812","Women's clothing stores",2003 Sep,2627,38
"44812","Women's clothing stores",2003 Oct,2793,38
"44812","Women's clothing stores",2003 Nov,2951,38
"44812","Women's clothing stores",2003 Dec,4309,38
"45111","Sporting goods stores",2003 Jan,1761,44
"45111","Sporting goods stores",2003 Feb,1747,44
"45111","Sporting goods stores",2003 Mar,2121,44
"45111","Sporting goods stores",2003 Apr,2135,44
"45111","Sporting goods stores",2003 May,2182,44
"45111","Sporting goods stores",2003 Jun,2325,44
"45111","Sporting goods stores",2003 Jul,2293,44
"45111","Sporting goods stores",2003 Aug,2548,44
"45111","Sporting goods stores",2003 Sep,2075,44
"45111","Sporting goods stores",2003 Oct,1970,44
"45111","Sporting goods stores",2003 Nov,2200,44
"45111","Sporting goods stores",2003 Dec,3643,44
"443141","Household appliance stores",2004 Jan,1158,22
"443141","Household appliance stores",2004 Feb,1147,22
"443141","Household appliance stores",2004 Mar,1277,22
"443141","Household appliance stores",2004 Apr,1203,22
"443141","Household appliance stores",2004 May,1290,22
"443141","Household appliance stores",2004 Jun,1341,22
"443141","Household appliance stores",2004 Jul,1312,22
"443141","Household appliance stores",2004 Aug,1299,22
"443141","Household appliance stores",2004 Sep,1250,22
"443141","Household appliance stores",2004 Oct,1278,22
"443141","Household appliance stores",2004 Nov,1412,22
"443141","Household appliance stores",2004 Dec,1641,22
"44412","Paint and wallpaper stores",2004 Jan,569,26
"44412","Paint and wallpaper stores",2004 Feb,582,26
"44412","Paint and wallpaper stores",2004 Mar,757,26
"44412","Paint and wallpaper stores",2004 Apr,780,26
"44412","Paint and wallpaper stores",2004 May,807,26
"44412","Paint and wallpaper stores",2004 Jun,865,26
"44412","Paint and wallpaper stores",2004 Jul,837,26
"44412","Paint and wallpaper stores",2004 Aug,829,26
"44412","Paint and wallpaper stores",2004 Sep,758,26
"44412","Paint and wallpaper stores",2004 Oct,755,26
"44412","Paint and wallpaper stores",2004 Nov,695,26
"44412","Paint and wallpaper stores",2004 Dec,646,26
"44812","Women's clothing stores",2004 Jan,2267,38
"44812","Women's clothing stores",2004 Feb,2402,38
"44812","Women's clothing stores",2004 Mar,2915,38
"44812","Women's clothing stores",2004 Apr,3023,38
"44812","Women's clothing stores",2004 May,3005,38
"44812","Women's clothing stores",2004 Jun,2777,38
"44812","Women's clothing stores",2004 Jul,2595,38
"44812","Women's clothing stores",2004 Aug,2644,38
"44812","Women's clothing stores",2004 Sep,2774,38
"44812","Women's clothing stores",2004 Oct,2990,38
"44812","Women's clothing stores",2004 Nov,3090,38
"44812","Women's clothing stores",2004 Dec,4472,38
"45111","Sporting goods stores",2004 Jan,1901,44
"45111","Sporting goods stores",2004 Feb,1888,44
"45111","Sporting goods stores",2004 Mar,2287,44
"45111","Sporting goods stores",2004 Apr,2221,44
"45111","Sporting goods stores",2004 May,2305,44
"45111","Sporting goods stores",2004 Jun,2514,44
"45111","Sporting goods stores",2004 Jul,2530,44
"45111","Sporting goods stores",2004 Aug,2621,44
"45111","Sporting goods stores",2004 Sep,2216,44
"45111","Sporting goods stores",2004 Oct,2103,44
"45111","Sporting goods stores",2004 Nov,2306,44
"45111","Sporting goods stores",2004 Dec,3748,44
"443141","Household appliance stores",2005 Jan,1217,22
"443141","Household appliance stores",2005 Feb,1222,22
"443141","Household appliance stores",2005 Mar,1329,22
"443141","Household appliance stores",2005 Apr,1334,22
"443141","Household appliance stores",2005 May,1358,22
"443141","Household appliance stores",2005 Jun,1470,22
"443141","Household appliance stores",2005 Jul,1395,22
"443141","Household appliance stores",2005 Aug,1430,22
"443141","Household appliance stores",2005 Sep,1369,22
"443141","Household appliance stores",2005 Oct,1411,22
"443141","Household appliance stores",2005 Nov,1523,22
"443141","Household appliance stores",2005 Dec,1734,22
"44412","Paint and wallpaper stores",2005 Jan,611,26
"44412","Paint and wallpaper stores",2005 Feb,612,26
"44412","Paint and wallpaper stores",2005 Mar,777,26
"44412","Paint and wallpaper stores",2005 Apr,847,26
"44412","Paint and wallpaper stores",2005 May,917,26
"44412","Paint and wallpaper stores",2005 Jun,962,26
"44412","Paint and wallpaper stores",2005 Jul,887,26
"44412","Paint and wallpaper stores",2005 Aug,910,26
"44412","Paint and wallpaper stores",2005 Sep,902,26
"44412","Paint and wallpaper stores",2005 Oct,886,26
"44412","Paint and wallpaper stores",2005 Nov,810,26
"44412","Paint and wallpaper stores",2005 Dec,721,26
"44812","Women's clothing stores",2005 Jan,2338,38
"44812","Women's clothing stores",2005 Feb,2453,38
"44812","Women's clothing stores",2005 Mar,3105,38
"44812","Women's clothing stores",2005 Apr,3177,38
"44812","Women's clothing stores",2005 May,3164,38
"44812","Women's clothing stores",2005 Jun,3045,38
"44812","Women's clothing stores",2005 Jul,2741,38
"44812","Women's clothing stores",2005 Aug,2871,38
"44812","Women's clothing stores",2005 Sep,2963,38
"44812","Women's clothing stores",2005 Oct,3120,38
"44812","Women's clothing stores",2005 Nov,3342,38
"44812","Women's clothing stores",2005 Dec,4756,38
"45111","Sporting goods stores",2005 Jan,1956,44
"45111","Sporting goods stores",2005 Feb,1976,44
"45111","Sporting goods stores",2005 Mar,2408,44
"45111","Sporting goods stores",2005 Apr,2539,44
"45111","Sporting goods stores",2005 May,2493,44
"45111","Sporting goods stores",2005 Jun,2655,44
"45111","Sporting goods stores",2005 Jul,2652,44
"45111","Sporting goods stores",2005 Aug,2788,44
"45111","Sporting goods stores",2005 Sep,2338,44
"45111","Sporting goods stores",2005 Oct,2246,44
"45111","Sporting goods stores",2005 Nov,2492,44
"45111","Sporting goods stores",2005 Dec,4170,44
"443141","Household appliance stores",2006 Jan,1325,22
"443141","Household appliance stores",2006 Feb,1298,22
"443141","Household appliance stores",2006 Mar,1457,22
"443141","Household appliance stores",2006 Apr,1363,22
"443141","Household appliance stores",2006 May,1471,22
"443141","Household appliance stores",2006 Jun,1503,22
"443141","Household appliance stores",2006 Jul,1518,22
"443141","Household appliance stores",2006 Aug,1569,22
"443141","Household appliance stores",2006 Sep,1482,22
"443141","Household appliance stores",2006 Oct,1464,22
"443141","Household appliance stores",2006 Nov,1594,22
"443141","Household appliance stores",2006 Dec,1701,22
"44412","Paint and wallpaper stores",2006 Jan,744,26
"44412","Paint and wallpaper stores",2006 Feb,716,26
"44412","Paint and wallpaper stores",2006 Mar,895,26
"44412","Paint and wallpaper stores",2006 Apr,847,26
"44412","Paint and wallpaper stores",2006 May,982,26
"44412","Paint and wallpaper stores",2006 Jun,985,26
"44412","Paint and wallpaper stores",2006 Jul,918,26
"44412","Paint and wallpaper stores",2006 Aug,998,26
"44412","Paint and wallpaper stores",2006 Sep,884,26
"44412","Paint and wallpaper stores",2006 Oct,900,26
"44412","Paint and wallpaper stores",2006 Nov,795,26
"44412","Paint and wallpaper stores",2006 Dec,668,26
"44812","Women's clothing stores",2006 Jan,2518,38
"44812","Women's clothing stores",2006 Feb,2518,38
"44812","Women's clothing stores",2006 Mar,3194,38
"44812","Women's clothing stores",2006 Apr,3379,38
"44812","Women's clothing stores",2006 May,3340,38
"44812","Women's clothing stores",2006 Jun,3183,38
"44812","Women's clothing stores",2006 Jul,2923,38
"44812","Women's clothing stores",2006 Aug,2960,38
"44812","Women's clothing stores",2006 Sep,3164,38
"44812","Women's clothing stores",2006 Oct,3197,38
"44812","Women's clothing stores",2006 Nov,3414,38
"44812","Women's clothing stores",2006 Dec,5019,38
"45111","Sporting goods stores",2006 Jan,2100,44
"45111","Sporting goods stores",2006 Feb,2154,44
"45111","Sporting goods stores",2006 Mar,2792,44
"45111","Sporting goods stores",2006 Apr,2713,44
"45111","Sporting goods stores",2006 May,2776,44
"45111","Sporting goods stores",2006 Jun,3012,44
"45111","Sporting goods stores",2006 Jul,2872,44
"45111","Sporting goods stores",2006 Aug,3085,44
"45111","Sporting goods stores",2006 Sep,2752,44
"45111","Sporting goods stores",2006 Oct,2447,44
"45111","Sporting goods stores",2006 Nov,2710,44
"45111","Sporting goods stores",2006 Dec,4456,44
"443141","Household appliance stores",2007 Jan,1395,22
"443141","Household appliance stores",2007 Feb,1306,22
"443141","Household appliance stores",2007 Mar,1447,22
"443141","Household appliance stores",2007 Apr,1343,22
"443141","Household appliance stores",2007 May,1541,22
"443141","Household appliance stores",2007 Jun,1532,22
"443141","Household appliance stores",2007 Jul,1479,22
"443141","Household appliance stores",2007 Aug,1565,22
"443141","Household appliance stores",2007 Sep,1405,22
"443141","Household appliance stores",2007 Oct,1486,22
"443141","Household appliance stores",2007 Nov,1635,22
"443141","Household appliance stores",2007 Dec,1665,22
"44412","Paint and wallpaper stores",2007 Jan,692,26
"44412","Paint and wallpaper stores",2007 Feb,683,26
"44412","Paint and wallpaper stores",2007 Mar,860,26
"44412","Paint and wallpaper stores",2007 Apr,853,26
"44412","Paint and wallpaper stores",2007 May,980,26
"44412","Paint and wallpaper stores",2007 Jun,976,26
"44412","Paint and wallpaper stores",2007 Jul,974,26
"44412","Paint and wallpaper stores",2007 Aug,1005,26
"44412","Paint and wallpaper stores",2007 Sep,843,26
"44412","Paint and wallpaper stores",2007 Oct,905,26
"44412","Paint and wallpaper stores",2007 Nov,766,26
"44412","Paint and wallpaper stores",2007 Dec,629,26
"44812","Women's clothing stores",2007 Jan,2639,38
"44812","Women's clothing stores",2007 Feb,2694,38
"44812","Women's clothing stores",2007 Mar,3499,38
"44812","Women's clothing stores",2007 Apr,3531,38
"44812","Women's clothing stores",2007 May,3760,38
"44812","Women's clothing stores",2007 Jun,3412,38
"44812","Women's clothing stores",2007 Jul,2770,38
"44812","Women's clothing stores",2007 Aug,3205,38
"44812","Women's clothing stores",2007 Sep,3177,38
"44812","Women's clothing stores",2007 Oct,3306,38
"44812","Women's clothing stores",2007 Nov,3598,38
"44812","Women's clothing stores",2007 Dec,4703,38
"45111","Sporting goods stores",2007 Jan,2200,44
"45111","Sporting goods stores",2007 Feb,2171,44
"45111","Sporting goods stores",2007 Mar,2969,44
"45111","Sporting goods stores",2007 Apr,2737,44
"45111","Sporting goods stores",2007 May,3087,44
"45111","Sporting goods stores",2007 Jun,3380,44
"45111","Sporting goods stores",2007 Jul,3165,44
"45111","Sporting goods stores",2007 Aug,3378,44
"45111","Sporting goods stores",2007 Sep,2712,44
"45111","Sporting goods stores",2007 Oct,2570,44
"45111","Sporting goods stores",2007 Nov,2939,44
"45111","Sporting goods stores",2007 Dec,4496,44
"443141","Household appliance stores",2008 Jan,1316,22
"443141","Household appliance stores",2008 Feb,1362,22
"443141","Household appliance stores",2008 Mar,1369,22
"443141","Household appliance stores",2008 Apr,1392,22
"443141","Household appliance stores",2008 May,1468,22
"443141","Household appliance stores",2008 Jun,1493,22
"443141","Household appliance stores",2008 Jul,1491,22
"443141","Household appliance stores",2008 Aug,1413,22
"443141","Household appliance stores",2008 Sep,1338,22
"443141","Household appliance stores",2008 Oct,1334,22
"443141","Household appliance stores",2008 Nov,1440,22
"443141","Household appliance stores",2008 Dec,1572,22
"44412","Paint and wallpaper stores",2008 Jan,674,26
"44412","Paint and wallpaper stores",2008 Feb,664,26
"44412","Paint and wallpaper stores",2008 Mar,749,26
"44412","Paint and wallpaper stores",2008 Apr,825,26
"44412","Paint and wallpaper stores",2008 May,890,26
"44412","Paint and wallpaper stores",2008 Jun,885,26
"44412","Paint and wallpaper stores",2008 Jul,957,26
"44412","Paint and wallpaper stores",2008 Aug,901,26
"44412","Paint and wallpaper stores",2008 Sep,845,26
"44412","Paint and wallpaper stores",2008 Oct,838,26
"44412","Paint and wallpaper stores",2008 Nov,622,26
"44412","Paint and wallpaper stores",2008 Dec,565,26
"44812","Women's clothing stores",2008 Jan,2519,38
"44812","Women's clothing stores",2008 Feb,2763,38
"44812","Women's clothing stores",2008 Mar,3392,38
"44812","Women's clothing stores",2008 Apr,3439,38
"44812","Women's clothing stores",2008 May,3603,38
"44812","Women's clothing stores",2008 Jun,3149,38
"44812","Women's clothing stores",2008 Jul,2972,38
"44812","Women's clothing stores",2008 Aug,3144,38
"44812","Women's clothing stores",2008 Sep,3064,38
"44812","Women's clothing stores",2008 Oct,3071,38
"44812","Women's clothing stores",2008 Nov,3242,38
"44812","Women's clothing stores",2008 Dec,4044,38
"45111","Sporting goods stores",2008 Jan,2315,44
"45111","Sporting goods stores",2008 Feb,2415,44
"45111","Sporting goods stores",2008 Mar,2995,44
"45111","Sporting goods stores",2008 Apr,2984,44
"45111","Sporting goods stores",2008 May,3276,44
"45111","Sporting goods stores",2008 Jun,3408,44
"45111","Sporting goods stores",2008 Jul,3308,44
"45111","Sporting goods stores",2008 Aug,3543,44
"45111","Sporting goods stores",2008 Sep,2725,44
"45111","Sporting goods stores",2008 Oct,2482,44
"45111","Sporting goods stores",2008 Nov,2796,44
"45111","Sporting goods stores",2008 Dec,4530,44
"443141","Household appliance stores",2009 Jan,1258,22
"443141","Household appliance stores",2009 Feb,1153,22
"443141","Household appliance stores",2009 Mar,1194,22
"443141","Household appliance stores",2009 Apr,1194,22
"443141","Household appliance stores",2009 May,1253,22
"443141","Household appliance stores",2009 Jun,1280,22
"443141","Household appliance stores",2009 Jul,1303,22
"443141","Household appliance stores",2009 Aug,1307,22
"443141","Household appliance stores",2009 Sep,1203,22
"443141","Household appliance stores",2009 Oct,1257,22
"443141","Household appliance stores",2009 Nov,1398,22
"443141","Household appliance stores",2009 Dec,1489,22
"44412","Paint and wallpaper stores",2009 Jan,560,26
"44412","Paint and wallpaper stores",2009 Feb,558,26
"44412","Paint and wallpaper stores",2009 Mar,656,26
"44412","Paint and wallpaper stores",2009 Apr,713,26
"44412","Paint and wallpaper stores",2009 May,707,26
"44412","Paint and wallpaper stores",2009 Jun,787,26
"44412","Paint and wallpaper stores",2009 Jul,798,26
"44412","Paint and wallpaper stores",2009 Aug,747,26
"44412","Paint and wallpaper stores",2009 Sep,718,26
"44412","Paint and wallpaper stores",2009 Oct,668,26
"44412","Paint and wallpaper stores",2009 Nov,561,26
"44412","Paint and wallpaper stores",2009 Dec,483,26
"44812","Women's clothing stores",2009 Jan,2285,38
"44812","Women's clothing stores",2009 Feb,2424,38
"44812","Women's clothing stores",2009 Mar,2953,38
"44812","Women's clothing stores",2009 Apr,3264,38
"44812","Women's clothing stores",2009 May,3280,38
"44812","Women's clothing stores",2009 Jun,2894,38
"44812","Women's clothing stores",2009 Jul,2716,38
"44812","Women's clothing stores",2009 Aug,2942,38
"44812","Women's clothing stores",2009 Sep,2939,38
"44812","Women's clothing stores",2009 Oct,3095,38
"44812","Women's clothing stores",2009 Nov,3189,38
"44812","Women's clothing stores",2009 Dec,4074,38
"45111","Sporting goods stores",2009 Jan,2442,44
"45111","Sporting goods stores",2009 Feb,2347,44
"45111","Sporting goods stores",2009 Mar,2894,44
"45111","Sporting goods stores",2009 Apr,2959,44
"45111","Sporting goods stores",2009 May,3119,44
"45111","Sporting goods stores",2009 Jun,3290,44
"45111","Sporting goods stores",2009 Jul,3209,44
"45111","Sporting goods stores",2009 Aug,3418,44
"45111","Sporting goods stores",2009 Sep,2779,44
"45111","Sporting goods stores",2009 Oct,2571,44
"45111","Sporting goods stores",2009 Nov,2788,44
"45111","Sporting goods stores",2009 Dec,4758,44
"443141","Household appliance stores",2010 Jan,1112,22
"443141","Household appliance stores",2010 Feb,1130,22
"443141","Household appliance stores",2010 Mar,1223,22
"443141","Household appliance stores",2010 Apr,1245,22
"443141","Household appliance stores",2010 May,1365,22
"443141","Household appliance stores",2010 Jun,1344,22
"443141","Household appliance stores",2010 Jul,1355,22
"443141","Household appliance stores",2010 Aug,1291,22
"443141","Household appliance stores",2010 Sep,1226,22
"443141","Household appliance stores",2010 Oct,1192,22
"443141","Household appliance stores",2010 Nov,1460,22
"443141","Household appliance stores",2010 Dec,1513,22
"44412","Paint and wallpaper stores",2010 Jan,466,26
"44412","Paint and wallpaper stores",2010 Feb,484,26
"44412","Paint and wallpaper stores",2010 Mar,670,26
"44412","Paint and wallpaper stores",2010 Apr,703,26
"44412","Paint and wallpaper stores",2010 May,727,26
"44412","Paint and wallpaper stores",2010 Jun,791,26
"44412","Paint and wallpaper stores",2010 Jul,774,26
"44412","Paint and wallpaper stores",2010 Aug,784,26
"44412","Paint and wallpaper stores",2010 Sep,736,26
"44412","Paint and wallpaper stores",2010 Oct,682,26
"44412","Paint and wallpaper stores",2010 Nov,638,26
"44412","Paint and wallpaper stores",2010 Dec,517,26
"44812","Women's clothing stores",2010 Jan,2304,38
"44812","Women's clothing stores",2010 Feb,2480,38
"44812","Women's clothing stores",2010 Mar,3293,38
"44812","Women's clothing stores",2010 Apr,3334,38
"44812","Women's clothing stores",2010 May,3308,38
"44812","Women's clothing stores",2010 Jun,2995,38
"44812","Women's clothing stores",2010 Jul,2847,38
"44812","Women's clothing stores",2010 Aug,2960,38
"44812","Women's clothing stores",2010 Sep,3061,38
"44812","Women's clothing stores",2010 Oct,3214,38
"44812","Women's clothing stores",2010 Nov,3454,38
"44812","Women's clothing stores",2010 Dec,4440,38
"45111","Sporting goods stores",2010 Jan,2373,44
"45111","Sporting goods stores",2010 Feb,2303,44
"45111","Sporting goods stores",2010 Mar,3118,44
"45111","Sporting goods stores",2010 Apr,3001,44
"45111","Sporting goods stores",2010 May,3078,44
"45111","Sporting goods stores",2010 Jun,3413,44
"45111","Sporting goods stores",2010 Jul,3266,44
"45111","Sporting goods stores",2010 Aug,3415,44
"45111","Sporting goods stores",2010 Sep,2828,44
"45111","Sporting goods stores",2010 Oct,2611,44
"45111","Sporting goods stores",2010 Nov,3107,44
"45111","Sporting goods stores",2010 Dec,4894,44
"443141","Household appliance stores",2011 Jan,1077,22
"443141","Household appliance stores",2011 Feb,1141,22
"443141","Household appliance stores",2011 Mar,1215,22
"443141","Household appliance stores",2011 Apr,1181,22
"443141","Household appliance stores",2011 May,1274,22
"443141","Household appliance stores",2011 Jun,1314,22
"443141","Household appliance stores",2011 Jul,1334,22
"443141","Household appliance stores",2011 Aug,1360,22
"443141","Household appliance stores",2011 Sep,1383,22
"443141","Household appliance stores",2011 Oct,1277,22
"443141","Household appliance stores",2011 Nov,1612,22
"443141","Household appliance stores",2011 Dec,1639,22
"44412","Paint and wallpaper stores",2011 Jan,510,26
"44412","Paint and wallpaper stores",2011 Feb,533,26
"44412","Paint and wallpaper stores",2011 Mar,685,26
"44412","Paint and wallpaper stores",2011 Apr,704,26
"44412","Paint and wallpaper stores",2011 May,708,26
"44412","Paint and wallpaper stores",2011 Jun,853,26
"44412","Paint and wallpaper stores",2011 Jul,801,26
"44412","Paint and wallpaper stores",2011 Aug,862,26
"44412","Paint and wallpaper stores",2011 Sep,791,26
"44412","Paint and wallpaper stores",2011 Oct,740,26
"44412","Paint and wallpaper stores",2011 Nov,667,26
"44412","Paint and wallpaper stores",2011 Dec,569,26
"44812","Women's clothing stores",2011 Jan,2345,38
"44812","Women's clothing stores",2011 Feb,2753,38
"44812","Women's clothing stores",2011 Mar,3449,38
"44812","Women's clothing stores",2011 Apr,3582,38
"44812","Women's clothing stores",2011 May,3508,38
"44812","Women's clothing stores",2011 Jun,3285,38
"44812","Women's clothing stores",2011 Jul,3060,38
"44812","Women's clothing stores",2011 Aug,3027,38
"44812","Women's clothing stores",2011 Sep,3301,38
"44812","Women's clothing stores",2011 Oct,3297,38
"44812","Women's clothing stores",2011 Nov,3625,38
"44812","Women's clothing stores",2011 Dec,4816,38
"45111","Sporting goods stores",2011 Jan,2414,44
"45111","Sporting goods stores",2011 Feb,2456,44
"45111","Sporting goods stores",2011 Mar,3266,44
"45111","Sporting goods stores",2011 Apr,3246,44
"45111","Sporting goods stores",2011 May,3169,44
"45111","Sporting goods stores",2011 Jun,3505,44
"45111","Sporting goods stores",2011 Jul,3334,44
"45111","Sporting goods stores",2011 Aug,3623,44
"45111","Sporting goods stores",2011 Sep,3011,44
"45111","Sporting goods stores",2011 Oct,2746,44
"45111","Sporting goods stores",2011 Nov,3227,44
"45111","Sporting goods stores",2011 Dec,4998,44
"443141","Household appliance stores",2012 Jan,1170,22
"443141","Household appliance stores",2012 Feb,1265,22
"443141","Household appliance stores",2012 Mar,1325,22
"443141","Household appliance stores",2012 Apr,1202,22
"443141","Household appliance stores",2012 May,1400,22
"443141","Household appliance stores",2012 Jun,1413,22
"443141","Household appliance stores",2012 Jul,1374,22
"443141","Household appliance stores",2012 Aug,1410,22
"443141","Household appliance stores",2012 Sep,1305,22
"443141","Household appliance stores",2012 Oct,1299,22
"443141","Household appliance stores",2012 Nov,1639,22
"443141","Household appliance stores",2012 Dec,1613,22
"44412","Paint and wallpaper stores",2012 Jan,584,26
"44412","Paint and wallpaper stores",2012 Feb,621,26
"44412","Paint and wallpaper stores",2012 Mar,754,26
"44412","Paint and wallpaper stores",2012 Apr,755,26
"44412","Paint and wallpaper stores",2012 May,851,26
"44412","Paint and wallpaper stores",2012 Jun,868,26
"44412","Paint and wallpaper stores",2012 Jul,869,26
"44412","Paint and wallpaper stores",2012 Aug,925,26
"44412","Paint and wallpaper stores",2012 Sep,825,26
"44412","Paint and wallpaper stores",2012 Oct,814,26
"44412","Paint and wallpaper stores",2012 Nov,696,26
"44412","Paint and wallpaper stores",2012 Dec,572,26
"44812","Women's clothing stores",2012 Jan,2544,38
"44812","Women's clothing stores",2012 Feb,3036,38
"44812","Women's clothing stores",2012 Mar,3840,38
"44812","Women's clothing stores",2012 Apr,3592,38
"44812","Women's clothing stores",2012 May,3693,38
"44812","Women's clothing stores",2012 Jun,3374,38
"44812","Women's clothing stores",2012 Jul,3094,38
"44812","Women's clothing stores",2012 Aug,3284,38
"44812","Women's clothing stores",2012 Sep,3339,38
"44812","Women's clothing stores",2012 Oct,3482,38
"44812","Women's clothing stores",2012 Nov,3823,38
"44812","Women's clothing stores",2012 Dec,4693,38
"45111","Sporting goods stores",2012 Jan,2505,44
"45111","Sporting goods stores",2012 Feb,2723,44
"45111","Sporting goods stores",2012 Mar,3607,44
"45111","Sporting goods stores",2012 Apr,3304,44
"45111","Sporting goods stores",2012 May,3455,44
"45111","Sporting goods stores",2012 Jun,3829,44
"45111","Sporting goods stores",2012 Jul,3551,44
"45111","Sporting goods stores",2012 Aug,3969,44
"45111","Sporting goods stores",2012 Sep,3161,44
"45111","Sporting goods stores",2012 Oct,2959,44
"45111","Sporting goods stores",2012 Nov,3478,44
"45111","Sporting goods stores",2012 Dec,5601,44
"443141","Household appliance stores",2013 Jan,1241,22
"443141","Household appliance stores",2013 Feb,1291,22
"443141","Household appliance stores",2013 Mar,1380,22
"443141","Household appliance stores",2013 Apr,1310,22
"443141","Household appliance stores",2013 May,1481,22
"443141","Household appliance stores",2013 Jun,1407,22
"443141","Household appliance stores",2013 Jul,1498,22
"443141","Household appliance stores",2013 Aug,1476,22
"443141","Household appliance stores",2013 Sep,1408,22
"443141","Household appliance stores",2013 Oct,1449,22
"443141","Household appliance stores",2013 Nov,1606,22
"443141","Household appliance stores",2013 Dec,1644,22
"44412","Paint and wallpaper stores",2013 Jan,659,26
"44412","Paint and wallpaper stores",2013 Feb,624,26
"44412","Paint and wallpaper stores",2013 Mar,738,26
"44412","Paint and wallpaper stores",2013 Apr,833,26
"44412","Paint and wallpaper stores",2013 May,906,26
"44412","Paint and wallpaper stores",2013 Jun,863,26
"44412","Paint and wallpaper stores",2013 Jul,922,26
"44412","Paint and wallpaper stores",2013 Aug,936,26
"44412","Paint and wallpaper stores",2013 Sep,823,26
"44412","Paint and wallpaper stores",2013 Oct,835,26
"44412","Paint and wallpaper stores",2013 Nov,684,26
"44412","Paint and wallpaper stores",2013 Dec,596,26
"44812","Women's clothing stores",2013 Jan,2661,38
"44812","Women's clothing stores",2013 Feb,2801,38
"44812","Women's clothing stores",2013 Mar,3726,38
"44812","Women's clothing stores",2013 Apr,3503,38
"44812","Women's clothing stores",2013 May,3733,38
"44812","Women's clothing stores",2013 Jun,3261,38
"44812","Women's clothing stores",2013 Jul,3171,38
"44812","Women's clothing stores",2013 Aug,3469,38
"44812","Women's clothing stores",2013 Sep,3277,38
"44812","Women's clothing stores",2013 Oct,3497,38
"44812","Women's clothing stores",2013 Nov,3808,38
"44812","Women's clothing stores",2013 Dec,4720,38
"45111","Sporting goods stores",2013 Jan,3070,44
"45111","Sporting goods stores",2013 Feb,3016,44
"45111","Sporting goods stores",2013 Mar,3830,44
"45111","Sporting goods stores",2013 Apr,3427,44
"45111","Sporting goods stores",2013 May,3657,44
"45111","Sporting goods stores",2013 Jun,3954,44
"45111","Sporting goods stores",2013 Jul,3818,44
"45111","Sporting goods stores",2013 Aug,4159,44
"45111","Sporting goods stores",2013 Sep,3230,44
"45111","Sporting goods stores",2013 Oct,3161,44
"45111","Sporting goods stores",2013 Nov,3749,44
"45111","Sporting goods stores",2013 Dec,5515,44
"443141","Household appliance stores",2014 Jan,1261,22
"443141","Household appliance stores",2014 Feb,1275,22
"443141","Household appliance stores",2014 Mar,1405,22
"443141","Household appliance stores",2014 Apr,1294,22
"443141","Household appliance stores",2014 May,1444,22
"443141","Household appliance stores",2014 Jun,1443,22
"443141","Household appliance stores",2014 Jul,1475,22
"443141","Household appliance stores",2014 Aug,1461,22
"443141","Household appliance stores",2014 Sep,1445,22
"443141","Household appliance stores",2014 Oct,1458,22
"443141","Household appliance stores",2014 Nov,1602,22
"443141","Household appliance stores",2014 Dec,1632,22
"44412","Paint and wallpaper stores",2014 Jan,626,26
"44412","Paint and wallpaper stores",2014 Feb,620,26
"44412","Paint and wallpaper stores",2014 Mar,796,26
"44412","Paint and wallpaper stores",2014 Apr,895,26
"44412","Paint and wallpaper stores",2014 May,963,26
"44412","Paint and wallpaper stores",2014 Jun,973,26
"44412","Paint and wallpaper stores",2014 Jul,1042,26
"44412","Paint and wallpaper stores",2014 Aug,981,26
"44412","Paint and wallpaper stores",2014 Sep,964,26
"44412","Paint and wallpaper stores",2014 Oct,947,26
"44412","Paint and wallpaper stores",2014 Nov,725,26
"44412","Paint and wallpaper stores",2014 Dec,701,26
"44812","Women's clothing stores",2014 Jan,2452,38
"44812","Women's clothing stores",2014 Feb,2802,38
"44812","Women's clothing stores",2014 Mar,3521,38
"44812","Women's clothing stores",2014 Apr,3575,38
"44812","Women's clothing stores",2014 May,3743,38
"44812","Women's clothing stores",2014 Jun,3157,38
"44812","Women's clothing stores",2014 Jul,3152,38
"44812","Women's clothing stores",2014 Aug,3426,38
"44812","Women's clothing stores",2014 Sep,3221,38
"44812","Women's clothing stores",2014 Oct,3458,38
"44812","Women's clothing stores",2014 Nov,3830,38
"44812","Women's clothing stores",2014 Dec,4919,38
"45111","Sporting goods stores",2014 Jan,2722,44
"45111","Sporting goods stores",2014 Feb,2802,44
"45111","Sporting goods stores",2014 Mar,3551,44
"45111","Sporting goods stores",2014 Apr,3518,44
"45111","Sporting goods stores",2014 May,3679,44
"45111","Sporting goods stores",2014 Jun,3932,44
"45111","Sporting goods stores",2014 Jul,3840,44
"45111","Sporting goods stores",2014 Aug,4384,44
"45111","Sporting goods stores",2014 Sep,3517,44
"45111","Sporting goods stores",2014 Oct,3433,44
"45111","Sporting goods stores",2014 Nov,3899,44
"45111","Sporting goods stores",2014 Dec,5836,44
"443141","Household appliance stores",2015 Jan,1271,22
"443141","Household appliance stores",2015 Feb,1248,22
"443141","Household appliance stores",2015 Mar,1414,22
"443141","Household appliance stores",2015 Apr,1335,22
"443141","Household appliance stores",2015 May,1513,22
"443141","Household appliance stores",2015 Jun,1524,22
"443141","Household appliance stores",2015 Jul,1537,22
"443141","Household appliance stores",2015 Aug,1430,22
"443141","Household appliance stores",2015 Sep,1463,22
"443141","Household appliance stores",2015 Oct,1396,22
"443141","Household appliance stores",2015 Nov,1549,22
"443141","Household appliance stores",2015 Dec,1603,22
"44412","Paint and wallpaper stores",2015 Jan,686,26
"44412","Paint and wallpaper stores",2015 Feb,670,26
"44412","Paint and wallpaper stores",2015 Mar,860,26
"44412","Paint and wallpaper stores",2015 Apr,926,26
"44412","Paint and wallpaper stores",2015 May,947,26
"44412","Paint and wallpaper stores",2015 Jun,1048,26
"44412","Paint and wallpaper stores",2015 Jul,1046,26
"44412","Paint and wallpaper stores",2015 Aug,995,26
"44412","Paint and wallpaper stores",2015 Sep,979,26
"44412","Paint and wallpaper stores",2015 Oct,950,26
"44412","Paint and wallpaper stores",2015 Nov,767,26
"44412","Paint and wallpaper stores",2015 Dec,731,26
"44812","Women's clothing stores",2015 Jan,2503,38
"44812","Women's clothing stores",2015 Feb,2753,38
"44812","Women's clothing stores",2015 Mar,3495,38
"44812","Women's clothing stores",2015 Apr,3421,38
"44812","Women's clothing stores",2015 May,3699,38
"44812","Women's clothing stores",2015 Jun,3196,38
"44812","Women's clothing stores",2015 Jul,3157,38
"44812","Women's clothing stores",2015 Aug,3357,38
"44812","Women's clothing stores",2015 Sep,3115,38
"44812","Women's clothing stores",2015 Oct,3435,38
"44812","Women's clothing stores",2015 Nov,3631,38
"44812","Women's clothing stores",2015 Dec,4830,38
"45111","Sporting goods stores",2015 Jan,2871,44
"45111","Sporting goods stores",2015 Feb,2864,44
"45111","Sporting goods stores",2015 Mar,3735,44
"45111","Sporting goods stores",2015 Apr,3617,44
"45111","Sporting goods stores",2015 May,3878,44
"45111","Sporting goods stores",2015 Jun,4152,44
"45111","Sporting goods stores",2015 Jul,4158,44
"45111","Sporting goods stores",2015 Aug,4389,44
"45111","Sporting goods stores",2015 Sep,3699,44
"45111","Sporting goods stores",2015 Oct,3470,44
"45111","Sporting goods stores",2015 Nov,3881,44
"45111","Sporting goods stores",2015 Dec,6217,44
"443141","Household appliance stores",2016 Jan,1242,22
"443141","Household appliance stores",2016 Feb,1344,22
"443141","Household appliance stores",2016 Mar,1407,22
"443141","Household appliance stores",2016 Apr,1331,22
"443141","Household appliance stores",2016 May,1460,22
"443141","Household appliance stores",2016 Jun,1542,22
"443141","Household appliance stores",2016 Jul,1497,22
"443141","Household appliance stores",2016 Aug,1504,22
"443141","Household appliance stores",2016 Sep,1515,22
"443141","Household appliance stores",2016 Oct,1393,22
"443141","Household appliance stores",2016 Nov,1644,22
"443141","Household appliance stores",2016 Dec,1630,22
"44412","Paint and wallpaper stores",2016 Jan,677,26
"44412","Paint and wallpaper stores",2016 Feb,755,26
"44412","Paint and wallpaper stores",2016 Mar,930,26
"44412","Paint and wallpaper stores",2016 Apr,943,26
"44412","Paint and wallpaper stores",2016 May,981,26
"44412","Paint and wallpaper stores",2016 Jun,1087,26
"44412","Paint and wallpaper stores",2016 Jul,998,26
"44412","Paint and wallpaper stores",2016 Aug,1064,26
"44412","Paint and wallpaper stores",2016 Sep,998,26
"44412","Paint and wallpaper stores",2016 Oct,944,26
"44412","Paint and wallpaper stores",2016 Nov,845,26
"44412","Paint and wallpaper stores",2016 Dec,752,26
"44812","Women's clothing stores",2016 Jan,2444,38
"44812","Women's clothing stores",2016 Feb,2903,38
"44812","Women's clothing stores",2016 Mar,3612,38
"44812","Women's clothing stores",2016 Apr,3476,38
"44812","Women's clothing stores",2016 May,3560,38
"44812","Women's clothing stores",2016 Jun,3198,38
"44812","Women's clothing stores",2016 Jul,3097,38
"44812","Women's clothing stores",2016 Aug,3338,38
"44812","Women's clothing stores",2016 Sep,3118,38
"44812","Women's clothing stores",2016 Oct,3215,38
"44812","Women's clothing stores",2016 Nov,3646,38
"44812","Women's clothing stores",2016 Dec,4616,38
"45111","Sporting goods stores",2016 Jan,3106,44
"45111","Sporting goods stores",2016 Feb,3237,44
"45111","Sporting goods stores",2016 Mar,4076,44
"45111","Sporting goods stores",2016 Apr,3794,44
"45111","Sporting goods stores",2016 May,3942,44
"45111","Sporting goods stores",2016 Jun,4635,44
"45111","Sporting goods stores",2016 Jul,4318,44
"45111","Sporting goods stores",2016 Aug,4307,44
"45111","Sporting goods stores",2016 Sep,3591,44
"45111","Sporting goods stores",2016 Oct,3400,44
"45111","Sporting goods stores",2016 Nov,3877,44
"45111","Sporting goods stores",2016 Dec,5848,44
"443141","Household appliance stores",2017 Jan,1300,22
"443141","Household appliance stores",2017 Feb,1288,22
"443141","Household appliance stores",2017 Mar,1491,22
"443141","Household appliance stores",2017 Apr,1349,22
"443141","Household appliance stores",2017 May,1452,22
"443141","Household appliance stores",2017 Jun,1447,22
"443141","Household appliance stores",2017 Jul,1396,22
"443141","Household appliance stores",2017 Aug,1388,22
"443141","Household appliance stores",2017 Sep,1386,22
"443141","Household appliance stores",2017 Oct,1361,22
"443141","Household appliance stores",2017 Nov,1514,22
"443141","Household appliance stores",2017 Dec,1434,22
"44412","Paint and wallpaper stores",2017 Jan,746,26
"44412","Paint and wallpaper stores",2017 Feb,772,26
"44412","Paint and wallpaper stores",2017 Mar,977,26
"44412","Paint and wallpaper stores",2017 Apr,935,26
"44412","Paint and wallpaper stores",2017 May,1082,26
"44412","Paint and wallpaper stores",2017 Jun,1114,26
"44412","Paint and wallpaper stores",2017 Jul,1044,26
"44412","Paint and wallpaper stores",2017 Aug,1123,26
"44412","Paint and wallpaper stores",2017 Sep,1016,26
"44412","Paint and wallpaper stores",2017 Oct,1040,26
"44412","Paint and wallpaper stores",2017 Nov,898,26
"44412","Paint and wallpaper stores",2017 Dec,789,26
"44812","Women's clothing stores",2017 Jan,2380,38
"44812","Women's clothing stores",2017 Feb,2676,38
"44812","Women's clothing stores",2017 Mar,3370,38
"44812","Women's clothing stores",2017 Apr,3498,38
"44812","Women's clothing stores",2017 May,3487,38
"44812","Women's clothing stores",2017 Jun,3218,38
"44812","Women's clothing stores",2017 Jul,3080,38
"44812","Women's clothing stores",2017 Aug,3169,38
"44812","Women's clothing stores",2017 Sep,3003,38
"44812","Women's clothing stores",2017 Oct,3175,38
"44812","Women's clothing stores",2017 Nov,3635,38
"44812","Women's clothing stores",2017 Dec,4521,38
"45111","Sporting goods stores",2017 Jan,2963,44
"45111","Sporting goods stores",2017 Feb,3038,44
"45111","Sporting goods stores",2017 Mar,3792,44
"45111","Sporting goods stores",2017 Apr,3654,44
"45111","Sporting goods stores",2017 May,3811,44
"45111","Sporting goods stores",2017 Jun,4115,44
"45111","Sporting goods stores",2017 Jul,3919,44
"45111","Sporting goods stores",2017 Aug,4225,44
"45111","Sporting goods stores",2017 Sep,3567,44
"45111","Sporting goods stores",2017 Oct,3393,44
"45111","Sporting goods stores",2017 Nov,3984,44
"45111","Sporting goods stores",2017 Dec,5504,44
"443141","Household appliance stores",2018 Jan,1230,22
"443141","Household appliance stores",2018 Feb,1225,22
"443141","Household appliance stores",2018 Mar,1421,22
"443141","Household appliance stores",2018 Apr,1322,22
"443141","Household appliance stores",2018 May,1506,22
"443141","Household appliance stores",2018 Jun,1489,22
"443141","Household appliance stores",2018 Jul,1473,22
"443141","Household appliance stores",2018 Aug,1530,22
"443141","Household appliance stores",2018 Sep,1356,22
"443141","Household appliance stores",2018 Oct,1425,22
"443141","Household appliance stores",2018 Nov,1543,22
"443141","Household appliance stores",2018 Dec,1416,22
"44412","Paint and wallpaper stores",2018 Jan,804,26
"44412","Paint and wallpaper stores",2018 Feb,823,26
"44412","Paint and wallpaper stores",2018 Mar,996,26
"44412","Paint and wallpaper stores",2018 Apr,1017,26
"44412","Paint and wallpaper stores",2018 May,1153,26
"44412","Paint and wallpaper stores",2018 Jun,1173,26
"44412","Paint and wallpaper stores",2018 Jul,1149,26
"44412","Paint and wallpaper stores",2018 Aug,1193,26
"44412","Paint and wallpaper stores",2018 Sep,1037,26
"44412","Paint and wallpaper stores",2018 Oct,1134,26
"44412","Paint and wallpaper stores",2018 Nov,925,26
"44412","Paint and wallpaper stores",2018 Dec,804,26
"44812","Women's clothing stores",2018 Jan,2320,38
"44812","Women's clothing stores",2018 Feb,2642,38
"44812","Women's clothing stores",2018 Mar,3439,38
"44812","Women's clothing stores",2018 Apr,3328,38
"44812","Women's clothing stores",2018 May,3787,38
"44812","Women's clothing stores",2018 Jun,3232,38
"44812","Women's clothing stores",2018 Jul,3090,38
"44812","Women's clothing stores",2018 Aug,3257,38
"44812","Women's clothing stores",2018 Sep,3060,38
"44812","Women's clothing stores",2018 Oct,3363,38
"44812","Women's clothing stores",2018 Nov,3982,38
"44812","Women's clothing stores",2018 Dec,4398,38
"45111","Sporting goods stores",2018 Jan,2784,44
"45111","Sporting goods stores",2018 Feb,3036,44
"45111","Sporting goods stores",2018 Mar,3800,44
"45111","Sporting goods stores",2018 Apr,3543,44
"45111","Sporting goods stores",2018 May,3794,44
"45111","Sporting goods stores",2018 Jun,4078,44
"45111","Sporting goods stores",2018 Jul,3860,44
"45111","Sporting goods stores",2018 Aug,4072,44
"45111","Sporting goods stores",2018 Sep,3141,44
"45111","Sporting goods stores",2018 Oct,3207,44
"45111","Sporting goods stores",2018 Nov,3691,44
"45111","Sporting goods stores",2018 Dec,5011,44
"443141","Household appliance stores",2019 Jan,1221,22
"443141","Household appliance stores",2019 Feb,1202,22
"443141","Household appliance stores",2019 Mar,1364,22
"443141","Household appliance stores",2019 Apr,1340,22
"443141","Household appliance stores",2019 May,1506,22
"443141","Household appliance stores",2019 Jun,1432,22
"443141","Household appliance stores",2019 Jul,1558,22
"443141","Household appliance stores",2019 Aug,1500,22
"443141","Household appliance stores",2019 Sep,1384,22
"443141","Household appliance stores",2019 Oct,1435,22
"443141","Household appliance stores",2019 Nov,1525,22
"443141","Household appliance stores",2019 Dec,1443,22
"44412","Paint and wallpaper stores",2019 Jan,897,26
"44412","Paint and wallpaper stores",2019 Feb,844,26
"44412","Paint and wallpaper stores",2019 Mar,1011,26
"44412","Paint and wallpaper stores",2019 Apr,966,26
"44412","Paint and wallpaper stores",2019 May,1174,26
"44412","Paint and wallpaper stores",2019 Jun,1158,26
"44412","Paint and wallpaper stores",2019 Jul,1235,26
"44412","Paint and wallpaper stores",2019 Aug,1248,26
"44412","Paint and wallpaper stores",2019 Sep,1147,26
"44412","Paint and wallpaper stores",2019 Oct,1166,26
"44412","Paint and wallpaper stores",2019 Nov,951,26
"44412","Paint and wallpaper stores",2019 Dec,847,26
"44812","Women's clothing stores",2019 Jan,2350,38
"44812","Women's clothing stores",2019 Feb,2509,38
"44812","Women's clothing stores",2019 Mar,3350,38
"44812","Women's clothing stores",2019 Apr,3344,38
"44812","Women's clothing stores",2019 May,3568,38
"44812","Women's clothing stores",2019 Jun,3046,38
"44812","Women's clothing stores",2019 Jul,3034,38
"44812","Women's clothing stores",2019 Aug,3102,38
"44812","Women's clothing stores",2019 Sep,2882,38
"44812","Women's clothing stores",2019 Oct,3194,38
"44812","Women's clothing stores",2019 Nov,3628,38
"44812","Women's clothing stores",2019 Dec,4355,38
"45111","Sporting goods stores",2019 Jan,2743,44
"45111","Sporting goods stores",2019 Feb,2837,44
"45111","Sporting goods stores",2019 Mar,3650,44
"45111","Sporting goods stores",2019 Apr,3629,44
"45111","Sporting goods stores",2019 May,3776,44
"45111","Sporting goods stores",2019 Jun,4111,44
"45111","Sporting goods stores",2019 Jul,4080,44
"45111","Sporting goods stores",2019 Aug,4311,44
"45111","Sporting goods stores",2019 Sep,3355,44
"45111","Sporting goods stores",2019 Oct,3474,44
"45111","Sporting goods stores",2019 Nov,3771,44
"45111","Sporting goods stores",2019 Dec,5258,44
"443141","Household appliance stores",2020 Jan,1243,22
"443141","Household appliance stores",2020 Feb,1243,22
"443141","Household appliance stores",2020 Mar,1288,22
"443141","Household appliance stores",2020 Apr,1129,22
"443141","Household appliance stores",2020 May,1439,22
"443141","Household appliance stores",2020 Jun,1677,22
"443141","Household appliance stores",2020 Jul,1722,22
"443141","Household appliance stores",2020 Aug,1734,22
"443141","Household appliance stores",2020 Sep,1648,22
"443141","Household appliance stores",2020 Oct,1698,22
"443141","Household appliance stores",2020 Nov,1677,22
"443141","Household appliance stores",2020 Dec,1731,22
"44412","Paint and wallpaper stores",2020 Jan,952,26
"44412","Paint and wallpaper stores",2020 Feb,950,26
"44412","Paint and wallpaper stores",2020 Mar,1125,26
"44412","Paint and wallpaper stores",2020 Apr,988,26
"44412","Paint and wallpaper stores",2020 May,1143,26
"44412","Paint and wallpaper stores",2020 Jun,1302,26
"44412","Paint and wallpaper stores",2020 Jul,1341,26
"44412","Paint and wallpaper stores",2020 Aug,1286,26
"44412","Paint and wallpaper stores",2020 Sep,1298,26
"44412","Paint and wallpaper stores",2020 Oct,1282,26
"44412","Paint and wallpaper stores",2020 Nov,1075,26
"44412","Paint and wallpaper stores",2020 Dec,1004,26
"44812","Women's clothing stores",2020 Jan,2436,38
"44812","Women's clothing stores",2020 Feb,2690,38
"44812","Women's clothing stores",2020 Mar,1542,38
"44812","Women's clothing stores",2020 Apr,519,38
"44812","Women's clothing stores",2020 May,1119,38
"44812","Women's clothing stores",2020 Jun,2088,38
"44812","Women's clothing stores",2020 Jul,2509,38
"44812","Women's clothing stores",2020 Aug,2549,38
"44812","Women's clothing stores",2020 Sep,2632,38
"44812","Women's clothing stores",2020 Oct,2788,38
"44812","Women's clothing stores",2020 Nov,2907,38
"44812","Women's clothing stores",2020 Dec,3643,38
"45111","Sporting goods stores",2020 Jan,2937,44
"45111","Sporting goods stores",2020 Feb,3046,44
"45111","Sporting goods stores",2020 Mar,3389,44
"45111","Sporting goods stores",2020 Apr,2557,44
"45111","Sporting goods stores",2020 May,4301,44
"45111","Sporting goods stores",2020 Jun,5763,44
"45111","Sporting goods stores",2020 Jul,5357,44
"45111","Sporting goods stores",2020 Aug,5004,44
"45111","Sporting goods stores",2020 Sep,4646,44
"45111","Sporting goods stores",2020 Oct,4518,44
"45111","Sporting goods stores",2020 Nov,4567,44
"45111","Sporting goods stores",2020 Dec,6648,44
"443141","Household appliance stores",2021 Jan,1597,22
"443141","Household appliance stores",2021 Feb,1459,22
"443141","Household appliance stores",2021 Mar,1913,22
"443141","Household appliance stores",2021 Apr,1809,22
"443141","Household appliance stores",2021 May,1734,22
"443141","Household appliance stores",2021 Jun,1865,22
"443141","Household appliance stores",2021 Jul,1805,22
"443141","Household appliance stores",2021 Aug,1771,22
"443141","Household appliance stores",2021 Sep,1758,22
"443141","Household appliance stores",2021 Oct,1742,22
"443141","Household appliance stores",2021 Nov,1805,22
"443141","Household appliance stores",2021 Dec,1719,22
"44412","Paint and wallpaper stores",2021 Jan,981,26
"44412","Paint and wallpaper stores",2021 Feb,951,26
"44412","Paint and wallpaper stores",2021 Mar,1355,26
"44412","Paint and wallpaper stores",2021 Apr,1354,26
"44412","Paint and wallpaper stores",2021 May,1347,26
"44412","Paint and wallpaper stores",2021 Jun,1415,26
"44412","Paint and wallpaper stores",2021 Jul,1316,26
"44412","Paint and wallpaper stores",2021 Aug,1356,26
"44412","Paint and wallpaper stores",2021 Sep,1325,26
"44412","Paint and wallpaper stores",2021 Oct,1295,26
"44412","Paint and wallpaper stores",2021 Nov,1174,26
"44412","Paint and wallpaper stores",2021 Dec,1074,26
"44812","Women's clothing stores",2021 Jan,2183,38
"44812","Women's clothing stores",2021 Feb,2184,38
"44812","Women's clothing stores",2021 Mar,3309,38
"44812","Women's clothing stores",2021 Apr,3329,38
"44812","Women's clothing stores",2021 May,3596,38
"44812","Women's clothing stores",2021 Jun,3449,38
"44812","Women's clothing stores",2021 Jul,3538,38
"44812","Women's clothing stores",2021 Aug,3319,38
"44812","Women's clothing stores",2021 Sep,3233,38
"44812","Women's clothing stores",2021 Oct,3370,38
"44812","Women's clothing stores",2021 Nov,3922,38
"44812","Women's clothing stores",2021 Dec,4509,38
"45111","Sporting goods stores",2021 Jan,4182,44
"45111","Sporting goods stores",2021 Feb,3692,44
"45111","Sporting goods stores",2021 Mar,5858,44
"45111","Sporting goods stores",2021 Apr,5581,44
"45111","Sporting goods stores",2021 May,5450,44
"45111","Sporting goods stores",2021 Jun,5898,44
"45111","Sporting goods stores",2021 Jul,5517,44
"45111","Sporting goods stores",2021 Aug,5722,44
"45111","Sporting goods stores",2021 Sep,4792,44
"45111","Sporting goods stores",2021 Oct,4823,44
"45111","Sporting goods stores",2021 Nov,5579,44
"45111","Sporting goods stores",2021 Dec,7407,44
"443141","Household appliance stores",2022 Jan,1523,22
"443141","Household appliance stores",2022 Feb,1536,22
"443141","Household appliance stores",2022 Mar,1777,22
"443141","Household appliance stores",2022 Apr,1703,22
"443141","Household appliance stores",2022 May,1762,22
"443141","Household appliance stores",2022 Jun,1786,22
"443141","Household appliance stores",2022 Jul,1698,22
"443141","Household appliance stores",2022 Aug,1801,22
"443141","Household appliance stores",2022 Sep,1633,22
"443141","Household appliance stores",2022 Oct,1624,22
"443141","Household appliance stores",2022 Nov,1730,22
"443141","Household appliance stores",2022 Dec,1643,22
"44412","Paint and wallpaper stores",2022 Jan,1045,26
"44412","Paint and wallpaper stores",2022 Feb,1091,26
"44412","Paint and wallpaper stores",2022 Mar,1416,26
"44412","Paint and wallpaper stores",2022 Apr,1378,26
"44412","Paint and wallpaper stores",2022 May,1486,26
"44412","Paint and wallpaper stores",2022 Jun,1599,26
"44412","Paint and wallpaper stores",2022 Jul,1462,26
"44412","Paint and wallpaper stores",2022 Aug,1585,26
"44412","Paint and wallpaper stores",2022 Sep,1568,26
"44412","Paint and wallpaper stores",2022 Oct,1514,26
"44412","Paint and wallpaper stores",2022 Nov,1293,26
"44412","Paint and wallpaper stores",2022 Dec,1144,26
"44812","Women's clothing stores",2022 Jan,2484,38
"44812","Women's clothing stores",2022 Feb,2813,38
"44812","Women's clothing stores",2022 Mar,3793,38
"44812","Women's clothing stores",2022 Apr,3733,38
"44812","Women's clothing stores",2022 May,3815,38
"44812","Women's clothing stores",2022 Jun,3333,38
"44812","Women's clothing stores",2022 Jul,3305,38
"44812","Women's clothing stores",2022 Aug,3396,38
"44812","Women's clothing stores",2022 Sep,3279,38
"44812","Women's clothing stores",2022 Oct,3339,38
"44812","Women's clothing stores",2022 Nov,3888,38
"44812","Women's clothing stores",2022 Dec,4660,38
"45111","Sporting goods stores",2022 Jan,3886,44
"45111","Sporting goods stores",2022 Feb,4022,44
"45111","Sporting goods stores",2022 Mar,5271,44
"45111","Sporting goods stores",2022 Apr,5228,44
"45111","Sporting goods stores",2022 May,5278,44
"45111","Sporting goods stores",2022 Jun,5949,44
"45111","Sporting goods stores",2022 Jul,5658,44
"45111","Sporting goods stores",2022 Aug,5887,44
"45111","Sporting goods stores",2022 Sep,4953,44
"45111","Sporting goods stores",2022 Oct,4957,44
"45111","Sporting goods stores",2022 Nov,5271,44
"45111","Sporting goods stores",2022 Dec,7385,44
