"naics","business","month","sales_millions"
443141,"Household appliance stores",1992 Jan,601
443141,"Household appliance stores",1992 Feb,576
443141,"Household appliance stores",1992 Mar,631
443141,"Household appliance stores",1992 Apr,643
443141,"Household appliance stores",1992 May,662
443141,"Household appliance stores",1992 Jun,746
443141,"Household appliance stores",1992 Jul,764
443141,"Household appliance stores",1992 Aug,727
443141,"Household appliance stores",1992 Sep,682
443141,"Household appliance stores",1992 Oct,732
443141,"Household appliance stores",1992 Nov,753
443141,"Household appliance stores",1992 Dec,920
4441,"Building mat. and supplies dealers",1992 Jan,7637
4441,"Building mat. and supplies dealers",1992 Feb,7567
4441,"Building mat. and supplies dealers",1992 Mar,8718
4441,"Building mat. and supplies dealers",1992 Apr,9330
4441,"Building mat. and supplies dealers",1992 May,9731
4441,"Building mat. and supplies dealers",1992 Jun,10178
4441,"Building mat. and supplies dealers",1992 Jul,9981
4441,"Building mat. and supplies dealers",1992 Aug,9742
4441,"Building mat. and supplies dealers",1992 Sep,9813
4441,"Building mat. and supplies dealers",1992 Oct,10018
4441,"Building mat. and supplies dealers",1992 Nov,8835
4441,"Building mat. and supplies dealers",1992 Dec,8765
44812,"Women's clothing stores",1992 Jan,1873
44812,"Women's clothing stores",1992 Feb,1991
44812,"Women's clothing stores",1992 Mar,2403
44812,"Women's clothing stores",1992 Apr,2665
44812,"Women's clothing stores",1992 May,2752
44812,"Women's clothing stores",1992 Jun,2424
44812,"Women's clothing stores",1992 Jul,2373
44812,"Women's clothing stores",1992 Aug,2657
44812,"Women's clothing stores",1992 Sep,2560
44812,"Women's clothing stores",1992 Oct,2755
44812,"Women's clothing stores",1992 Nov,2946
44812,"Women's clothing stores",1992 Dec,4416
45111,"Sporting goods stores",1992 Jan,972
45111,"Sporting goods stores",1992 Feb,1100
45111,"Sporting goods stores",1992 Mar,1214
45111,"Sporting goods stores",1992 Apr,1267
45111,"Sporting goods stores",1992 May,1293
45111,"Sporting goods stores",1992 Jun,1334
45111,"Sporting goods stores",1992 Jul,1340
45111,"Sporting goods stores",1992 Aug,1377
45111,"Sporting goods stores",1992 Sep,1206
45111,"Sporting goods stores",1992 Oct,1120
45111,"Sporting goods stores",1992 Nov,1207
45111,"Sporting goods stores",1992 Dec,2153
443141,"Household appliance stores",1993 Jan,641
443141,"Household appliance stores",1993 Feb,593
443141,"Household appliance stores",1993 Mar,669
443141,"Household appliance stores",1993 Apr,701
443141,"Household appliance stores",1993 May,727
443141,"Household appliance stores",1993 Jun,803
443141,"Household appliance stores",1993 Jul,920
443141,"Household appliance stores",1993 Aug,817
443141,"Household appliance stores",1993 Sep,741
443141,"Household appliance stores",1993 Oct,773
443141,"Household appliance stores",1993 Nov,804
443141,"Household appliance stores",1993 Dec,948
4441,"Building mat. and supplies dealers",1993 Jan,7746
4441,"Building mat. and supplies dealers",1993 Feb,7932
4441,"Building mat. and supplies dealers",1993 Mar,9408
4441,"Building mat. and supplies dealers",1993 Apr,10146
4441,"Building mat. and supplies dealers",1993 May,10769
4441,"Building mat. and supplies dealers",1993 Jun,11083
4441,"Building mat. and supplies dealers",1993 Jul,10813
4441,"Building mat. and supplies dealers",1993 Aug,10905
4441,"Building mat. and supplies dealers",1993 Sep,10578
4441,"Building mat. and supplies dealers",1993 Oct,10711
4441,"Building mat. and supplies dealers",1993 Nov,10388
4441,"Building mat. and supplies dealers",1993 Dec,9947
44812,"Women's clothing stores",1993 Jan,2123
44812,"Women's clothing stores",1993 Feb,2005
44812,"Women's clothing stores",1993 Mar,2442
44812,"Women's clothing stores",1993 Apr,2762
44812,"Women's clothing stores",1993 May,2873
44812,"Women's clothing stores",1993 Jun,2552
44812,"Women's clothing stores",1993 Jul,2539
44812,"Women's clothing stores",1993 Aug,2626
44812,"Women's clothing stores",1993 Sep,2622
44812,"Women's clothing stores",1993 Oct,2713
44812,"Women's clothing stores",1993 Nov,2923
44812,"Women's clothing stores",1993 Dec,4170
45111,"Sporting goods stores",1993 Jan,1032
45111,"Sporting goods stores",1993 Feb,984
45111,"Sporting goods stores",1993 Mar,1213
45111,"Sporting goods stores",1993 Apr,1367
45111,"Sporting goods stores",1993 May,1387
45111,"Sporting goods stores",1993 Jun,1457
45111,"Sporting goods stores",1993 Jul,1457
45111,"Sporting goods stores",1993 Aug,1531
45111,"Sporting goods stores",1993 Sep,1313
45111,"Sporting goods stores",1993 Oct,1199
45111,"Sporting goods stores",1993 Nov,1377
45111,"Sporting goods stores",1993 Dec,2474
443141,"Household appliance stores",1994 Jan,640
443141,"Household appliance stores",1994 Feb,592
443141,"Household appliance stores",1994 Mar,692
443141,"Household appliance stores",1994 Apr,676
443141,"Household appliance stores",1994 May,703
443141,"Household appliance stores",1994 Jun,829
443141,"Household appliance stores",1994 Jul,789
443141,"Household appliance stores",1994 Aug,771
443141,"Household appliance stores",1994 Sep,714
443141,"Household appliance stores",1994 Oct,746
443141,"Household appliance stores",1994 Nov,885
443141,"Household appliance stores",1994 Dec,1008
4441,"Building mat. and supplies dealers",1994 Jan,8393
4441,"Building mat. and supplies dealers",1994 Feb,8487
4441,"Building mat. and supplies dealers",1994 Mar,10682
4441,"Building mat. and supplies dealers",1994 Apr,11314
4441,"Building mat. and supplies dealers",1994 May,12236
4441,"Building mat. and supplies dealers",1994 Jun,12445
4441,"Building mat. and supplies dealers",1994 Jul,11852
4441,"Building mat. and supplies dealers",1994 Aug,12720
4441,"Building mat. and supplies dealers",1994 Sep,12139
4441,"Building mat. and supplies dealers",1994 Oct,12266
4441,"Building mat. and supplies dealers",1994 Nov,11557
4441,"Building mat. and supplies dealers",1994 Dec,11008
44812,"Women's clothing stores",1994 Jan,1786
44812,"Women's clothing stores",1994 Feb,1970
44812,"Women's clothing stores",1994 Mar,2560
44812,"Women's clothing stores",1994 Apr,2558
44812,"Women's clothing stores",1994 May,2552
44812,"Women's clothing stores",1994 Jun,2447
44812,"Women's clothing stores",1994 Jul,2248
44812,"Women's clothing stores",1994 Aug,2538
44812,"Women's clothing stores",1994 Sep,2418
44812,"Women's clothing stores",1994 Oct,2572
44812,"Women's clothing stores",1994 Nov,2798
44812,"Women's clothing stores",1994 Dec,4138
45111,"Sporting goods stores",1994 Jan,1168
45111,"Sporting goods stores",1994 Feb,1193
45111,"Sporting goods stores",1994 Mar,1488
45111,"Sporting goods stores",1994 Apr,1551
45111,"Sporting goods stores",1994 May,1551
45111,"Sporting goods stores",1994 Jun,1677
45111,"Sporting goods stores",1994 Jul,1584
45111,"Sporting goods stores",1994 Aug,1737
45111,"Sporting goods stores",1994 Sep,1470
45111,"Sporting goods stores",1994 Oct,1324
45111,"Sporting goods stores",1994 Nov,1471
45111,"Sporting goods stores",1994 Dec,2611
443141,"Household appliance stores",1995 Jan,744
443141,"Household appliance stores",1995 Feb,667
443141,"Household appliance stores",1995 Mar,794
443141,"Household appliance stores",1995 Apr,724
443141,"Household appliance stores",1995 May,823
443141,"Household appliance stores",1995 Jun,890
443141,"Household appliance stores",1995 Jul,923
443141,"Household appliance stores",1995 Aug,896
443141,"Household appliance stores",1995 Sep,799
443141,"Household appliance stores",1995 Oct,800
443141,"Household appliance stores",1995 Nov,893
443141,"Household appliance stores",1995 Dec,1027
4441,"Building mat. and supplies dealers",1995 Jan,9734
4441,"Building mat. and supplies dealers",1995 Feb,9496
4441,"Building mat. and supplies dealers",1995 Mar,11445
4441,"Building mat. and supplies dealers",1995 Apr,11416
4441,"Building mat. and supplies dealers",1995 May,12980
4441,"Building mat. and supplies dealers",1995 Jun,12995
4441,"Building mat. and supplies dealers",1995 Jul,12125
4441,"Building mat. and supplies dealers",1995 Aug,12894
4441,"Building mat. and supplies dealers",1995 Sep,12234
4441,"Building mat. and supplies dealers",1995 Oct,12767
4441,"Building mat. and supplies dealers",1995 Nov,11864
4441,"Building mat. and supplies dealers",1995 Dec,11078
44812,"Women's clothing stores",1995 Jan,1723
44812,"Women's clothing stores",1995 Feb,1810
44812,"Women's clothing stores",1995 Mar,2393
44812,"Women's clothing stores",1995 Apr,2438
44812,"Women's clothing stores",1995 May,2535
44812,"Women's clothing stores",1995 Jun,2357
44812,"Women's clothing stores",1995 Jul,2172
44812,"Women's clothing stores",1995 Aug,2326
44812,"Women's clothing stores",1995 Sep,2370
44812,"Women's clothing stores",1995 Oct,2312
44812,"Women's clothing stores",1995 Nov,2567
44812,"Women's clothing stores",1995 Dec,3693
45111,"Sporting goods stores",1995 Jan,1224
45111,"Sporting goods stores",1995 Feb,1248
45111,"Sporting goods stores",1995 Mar,1599
45111,"Sporting goods stores",1995 Apr,1606
45111,"Sporting goods stores",1995 May,1645
45111,"Sporting goods stores",1995 Jun,1750
45111,"Sporting goods stores",1995 Jul,1705
45111,"Sporting goods stores",1995 Aug,1846
45111,"Sporting goods stores",1995 Sep,1569
45111,"Sporting goods stores",1995 Oct,1398
45111,"Sporting goods stores",1995 Nov,1548
45111,"Sporting goods stores",1995 Dec,2731
443141,"Household appliance stores",1996 Jan,748
443141,"Household appliance stores",1996 Feb,699
443141,"Household appliance stores",1996 Mar,784
443141,"Household appliance stores",1996 Apr,802
443141,"Household appliance stores",1996 May,858
443141,"Household appliance stores",1996 Jun,853
443141,"Household appliance stores",1996 Jul,855
443141,"Household appliance stores",1996 Aug,899
443141,"Household appliance stores",1996 Sep,817
443141,"Household appliance stores",1996 Oct,856
443141,"Household appliance stores",1996 Nov,944
443141,"Household appliance stores",1996 Dec,1100
4441,"Building mat. and supplies dealers",1996 Jan,10050
4441,"Building mat. and supplies dealers",1996 Feb,10148
4441,"Building mat. and supplies dealers",1996 Mar,11357
4441,"Building mat. and supplies dealers",1996 Apr,12751
4441,"Building mat. and supplies dealers",1996 May,13919
4441,"Building mat. and supplies dealers",1996 Jun,13529
4441,"Building mat. and supplies dealers",1996 Jul,13874
4441,"Building mat. and supplies dealers",1996 Aug,13765
4441,"Building mat. and supplies dealers",1996 Sep,12970
4441,"Building mat. and supplies dealers",1996 Oct,14060
4441,"Building mat. and supplies dealers",1996 Nov,12549
4441,"Building mat. and supplies dealers",1996 Dec,11481
44812,"Women's clothing stores",1996 Jan,1565
44812,"Women's clothing stores",1996 Feb,1834
44812,"Women's clothing stores",1996 Mar,2193
44812,"Women's clothing stores",1996 Apr,2346
44812,"Women's clothing stores",1996 May,2552
44812,"Women's clothing stores",1996 Jun,2375
44812,"Women's clothing stores",1996 Jul,2072
44812,"Women's clothing stores",1996 Aug,2353
44812,"Women's clothing stores",1996 Sep,2276
44812,"Women's clothing stores",1996 Oct,2413
44812,"Women's clothing stores",1996 Nov,2594
44812,"Women's clothing stores",1996 Dec,3665
45111,"Sporting goods stores",1996 Jan,1327
45111,"Sporting goods stores",1996 Feb,1309
45111,"Sporting goods stores",1996 Mar,1649
45111,"Sporting goods stores",1996 Apr,1702
45111,"Sporting goods stores",1996 May,1773
45111,"Sporting goods stores",1996 Jun,1895
45111,"Sporting goods stores",1996 Jul,1833
45111,"Sporting goods stores",1996 Aug,1992
45111,"Sporting goods stores",1996 Sep,1594
45111,"Sporting goods stores",1996 Oct,1453
45111,"Sporting goods stores",1996 Nov,1608
45111,"Sporting goods stores",1996 Dec,2675
443141,"Household appliance stores",1997 Jan,778
443141,"Household appliance stores",1997 Feb,724
443141,"Household appliance stores",1997 Mar,809
443141,"Household appliance stores",1997 Apr,792
443141,"Household appliance stores",1997 May,841
443141,"Household appliance stores",1997 Jun,919
443141,"Household appliance stores",1997 Jul,970
443141,"Household appliance stores",1997 Aug,886
443141,"Household appliance stores",1997 Sep,828
443141,"Household appliance stores",1997 Oct,858
443141,"Household appliance stores",1997 Nov,903
443141,"Household appliance stores",1997 Dec,1066
4441,"Building mat. and supplies dealers",1997 Jan,10767
4441,"Building mat. and supplies dealers",1997 Feb,10740
4441,"Building mat. and supplies dealers",1997 Mar,12563
4441,"Building mat. and supplies dealers",1997 Apr,14083
4441,"Building mat. and supplies dealers",1997 May,14943
4441,"Building mat. and supplies dealers",1997 Jun,14716
4441,"Building mat. and supplies dealers",1997 Jul,15012
4441,"Building mat. and supplies dealers",1997 Aug,14189
4441,"Building mat. and supplies dealers",1997 Sep,14506
4441,"Building mat. and supplies dealers",1997 Oct,15003
4441,"Building mat. and supplies dealers",1997 Nov,12799
4441,"Building mat. and supplies dealers",1997 Dec,12747
44812,"Women's clothing stores",1997 Jan,1699
44812,"Women's clothing stores",1997 Feb,1813
44812,"Women's clothing stores",1997 Mar,2353
44812,"Women's clothing stores",1997 Apr,2227
44812,"Women's clothing stores",1997 May,2429
44812,"Women's clothing stores",1997 Jun,2199
44812,"Women's clothing stores",1997 Jul,2103
44812,"Women's clothing stores",1997 Aug,2334
44812,"Women's clothing stores",1997 Sep,2265
44812,"Women's clothing stores",1997 Oct,2358
44812,"Women's clothing stores",1997 Nov,2486
44812,"Women's clothing stores",1997 Dec,3556
45111,"Sporting goods stores",1997 Jan,1337
45111,"Sporting goods stores",1997 Feb,1331
45111,"Sporting goods stores",1997 Mar,1609
45111,"Sporting goods stores",1997 Apr,1726
45111,"Sporting goods stores",1997 May,1788
45111,"Sporting goods stores",1997 Jun,1970
45111,"Sporting goods stores",1997 Jul,1838
45111,"Sporting goods stores",1997 Aug,1955
45111,"Sporting goods stores",1997 Sep,1595
45111,"Sporting goods stores",1997 Oct,1521
45111,"Sporting goods stores",1997 Nov,1651
45111,"Sporting goods stores",1997 Dec,2846
443141,"Household appliance stores",1998 Jan,830
443141,"Household appliance stores",1998 Feb,769
443141,"Household appliance stores",1998 Mar,853
443141,"Household appliance stores",1998 Apr,839
443141,"Household appliance stores",1998 May,921
443141,"Household appliance stores",1998 Jun,999
443141,"Household appliance stores",1998 Jul,1043
443141,"Household appliance stores",1998 Aug,962
443141,"Household appliance stores",1998 Sep,889
443141,"Household appliance stores",1998 Oct,932
443141,"Household appliance stores",1998 Nov,947
443141,"Household appliance stores",1998 Dec,1115
4441,"Building mat. and supplies dealers",1998 Jan,11400
4441,"Building mat. and supplies dealers",1998 Feb,11326
4441,"Building mat. and supplies dealers",1998 Mar,13453
4441,"Building mat. and supplies dealers",1998 Apr,14815
4441,"Building mat. and supplies dealers",1998 May,15323
4441,"Building mat. and supplies dealers",1998 Jun,16078
4441,"Building mat. and supplies dealers",1998 Jul,15875
4441,"Building mat. and supplies dealers",1998 Aug,15048
4441,"Building mat. and supplies dealers",1998 Sep,15191
4441,"Building mat. and supplies dealers",1998 Oct,15676
4441,"Building mat. and supplies dealers",1998 Nov,14025
4441,"Building mat. and supplies dealers",1998 Dec,13991
44812,"Women's clothing stores",1998 Jan,1722
44812,"Women's clothing stores",1998 Feb,1767
44812,"Women's clothing stores",1998 Mar,2194
44812,"Women's clothing stores",1998 Apr,2507
44812,"Women's clothing stores",1998 May,2512
44812,"Women's clothing stores",1998 Jun,2254
44812,"Women's clothing stores",1998 Jul,2222
44812,"Women's clothing stores",1998 Aug,2327
44812,"Women's clothing stores",1998 Sep,2244
44812,"Women's clothing stores",1998 Oct,2422
44812,"Women's clothing stores",1998 Nov,2531
44812,"Women's clothing stores",1998 Dec,3630
45111,"Sporting goods stores",1998 Jan,1381
45111,"Sporting goods stores",1998 Feb,1407
45111,"Sporting goods stores",1998 Mar,1754
45111,"Sporting goods stores",1998 Apr,1820
45111,"Sporting goods stores",1998 May,1938
45111,"Sporting goods stores",1998 Jun,2120
45111,"Sporting goods stores",1998 Jul,1975
45111,"Sporting goods stores",1998 Aug,2038
45111,"Sporting goods stores",1998 Sep,1701
45111,"Sporting goods stores",1998 Oct,1607
45111,"Sporting goods stores",1998 Nov,1685
45111,"Sporting goods stores",1998 Dec,2858
443141,"Household appliance stores",1999 Jan,842
443141,"Household appliance stores",1999 Feb,814
443141,"Household appliance stores",1999 Mar,943
443141,"Household appliance stores",1999 Apr,926
443141,"Household appliance stores",1999 May,950
443141,"Household appliance stores",1999 Jun,1105
443141,"Household appliance stores",1999 Jul,1200
443141,"Household appliance stores",1999 Aug,1019
443141,"Household appliance stores",1999 Sep,989
443141,"Household appliance stores",1999 Oct,997
443141,"Household appliance stores",1999 Nov,1051
443141,"Household appliance stores",1999 Dec,1246
4441,"Building mat. and supplies dealers",1999 Jan,12020
4441,"Building mat. and supplies dealers",1999 Feb,12508
4441,"Building mat. and supplies dealers",1999 Mar,15156
4441,"Building mat. and supplies dealers",1999 Apr,16239
4441,"Building mat. and supplies dealers",1999 May,16717
4441,"Building mat. and supplies dealers",1999 Jun,17403
4441,"Building mat. and supplies dealers",1999 Jul,16977
4441,"Building mat. and supplies dealers",1999 Aug,16878
4441,"Building mat. and supplies dealers",1999 Sep,16299
4441,"Building mat. and supplies dealers",1999 Oct,16470
4441,"Building mat. and supplies dealers",1999 Nov,16032
4441,"Building mat. and supplies dealers",1999 Dec,15217
44812,"Women's clothing stores",1999 Jan,1745
44812,"Women's clothing stores",1999 Feb,1883
44812,"Women's clothing stores",1999 Mar,2507
44812,"Women's clothing stores",1999 Apr,2616
44812,"Women's clothing stores",1999 May,2687
44812,"Women's clothing stores",1999 Jun,2405
44812,"Women's clothing stores",1999 Jul,2303
44812,"Women's clothing stores",1999 Aug,2407
44812,"Women's clothing stores",1999 Sep,2353
44812,"Women's clothing stores",1999 Oct,2440
44812,"Women's clothing stores",1999 Nov,2564
44812,"Women's clothing stores",1999 Dec,3639
45111,"Sporting goods stores",1999 Jan,1485
45111,"Sporting goods stores",1999 Feb,1469
45111,"Sporting goods stores",1999 Mar,1827
45111,"Sporting goods stores",1999 Apr,1888
45111,"Sporting goods stores",1999 May,1993
45111,"Sporting goods stores",1999 Jun,2215
45111,"Sporting goods stores",1999 Jul,2062
45111,"Sporting goods stores",1999 Aug,2143
45111,"Sporting goods stores",1999 Sep,1847
45111,"Sporting goods stores",1999 Oct,1711
45111,"Sporting goods stores",1999 Nov,1832
45111,"Sporting goods stores",1999 Dec,3227
443141,"Household appliance stores",2000 Jan,926
443141,"Household appliance stores",2000 Feb,929
443141,"Household appliance stores",2000 Mar,1013
443141,"Household appliance stores",2000 Apr,962
443141,"Household appliance stores",2000 May,1108
443141,"Household appliance stores",2000 Jun,1119
443141,"Household appliance stores",2000 Jul,1037
443141,"Household appliance stores",2000 Aug,1088
443141,"Household appliance stores",2000 Sep,1031
443141,"Household appliance stores",2000 Oct,1045
443141,"Household appliance stores",2000 Nov,1124
443141,"Household appliance stores",2000 Dec,1248
4441,"Building mat. and supplies dealers",2000 Jan,13314
4441,"Building mat. and supplies dealers",2000 Feb,14047
4441,"Building mat. and supplies dealers",2000 Mar,17061
4441,"Building mat. and supplies dealers",2000 Apr,16665
4441,"Building mat. and supplies dealers",2000 May,18953
4441,"Building mat. and supplies dealers",2000 Jun,18499
4441,"Building mat. and supplies dealers",2000 Jul,17261
4441,"Building mat. and supplies dealers",2000 Aug,17919
4441,"Building mat. and supplies dealers",2000 Sep,16546
4441,"Building mat. and supplies dealers",2000 Oct,17228
4441,"Building mat. and supplies dealers",2000 Nov,15650
4441,"Building mat. and supplies dealers",2000 Dec,14506
44812,"Women's clothing stores",2000 Jan,1682
44812,"Women's clothing stores",2000 Feb,1991
44812,"Women's clothing stores",2000 Mar,2670
44812,"Women's clothing stores",2000 Apr,2706
44812,"Women's clothing stores",2000 May,2810
44812,"Women's clothing stores",2000 Jun,2564
44812,"Women's clothing stores",2000 Jul,2382
44812,"Women's clothing stores",2000 Aug,2640
44812,"Women's clothing stores",2000 Sep,2658
44812,"Women's clothing stores",2000 Oct,2648
44812,"Women's clothing stores",2000 Nov,2823
44812,"Women's clothing stores",2000 Dec,3873
45111,"Sporting goods stores",2000 Jan,1591
45111,"Sporting goods stores",2000 Feb,1681
45111,"Sporting goods stores",2000 Mar,2065
45111,"Sporting goods stores",2000 Apr,1991
45111,"Sporting goods stores",2000 May,2187
45111,"Sporting goods stores",2000 Jun,2319
45111,"Sporting goods stores",2000 Jul,2237
45111,"Sporting goods stores",2000 Aug,2257
45111,"Sporting goods stores",2000 Sep,2007
45111,"Sporting goods stores",2000 Oct,1725
45111,"Sporting goods stores",2000 Nov,1939
45111,"Sporting goods stores",2000 Dec,3309
443141,"Household appliance stores",2001 Jan,996
443141,"Household appliance stores",2001 Feb,938
443141,"Household appliance stores",2001 Mar,1043
443141,"Household appliance stores",2001 Apr,999
443141,"Household appliance stores",2001 May,1079
443141,"Household appliance stores",2001 Jun,1166
443141,"Household appliance stores",2001 Jul,1142
443141,"Household appliance stores",2001 Aug,1226
443141,"Household appliance stores",2001 Sep,1047
443141,"Household appliance stores",2001 Oct,1164
443141,"Household appliance stores",2001 Nov,1249
443141,"Household appliance stores",2001 Dec,1430
4441,"Building mat. and supplies dealers",2001 Jan,13744
4441,"Building mat. and supplies dealers",2001 Feb,13643
4441,"Building mat. and supplies dealers",2001 Mar,16488
4441,"Building mat. and supplies dealers",2001 Apr,18241
4441,"Building mat. and supplies dealers",2001 May,20031
4441,"Building mat. and supplies dealers",2001 Jun,19188
4441,"Building mat. and supplies dealers",2001 Jul,18559
4441,"Building mat. and supplies dealers",2001 Aug,19031
4441,"Building mat. and supplies dealers",2001 Sep,16828
4441,"Building mat. and supplies dealers",2001 Oct,18712
4441,"Building mat. and supplies dealers",2001 Nov,17111
4441,"Building mat. and supplies dealers",2001 Dec,15444
44812,"Women's clothing stores",2001 Jan,1946
44812,"Women's clothing stores",2001 Feb,2154
44812,"Women's clothing stores",2001 Mar,2671
44812,"Women's clothing stores",2001 Apr,2801
44812,"Women's clothing stores",2001 May,2747
44812,"Women's clothing stores",2001 Jun,2507
44812,"Women's clothing stores",2001 Jul,2311
44812,"Women's clothing stores",2001 Aug,2661
44812,"Women's clothing stores",2001 Sep,2394
44812,"Women's clothing stores",2001 Oct,2615
44812,"Women's clothing stores",2001 Nov,2786
44812,"Women's clothing stores",2001 Dec,3860
45111,"Sporting goods stores",2001 Jan,1739
45111,"Sporting goods stores",2001 Feb,1704
45111,"Sporting goods stores",2001 Mar,2111
45111,"Sporting goods stores",2001 Apr,2071
45111,"Sporting goods stores",2001 May,2185
45111,"Sporting goods stores",2001 Jun,2352
45111,"Sporting goods stores",2001 Jul,2199
45111,"Sporting goods stores",2001 Aug,2382
45111,"Sporting goods stores",2001 Sep,1984
45111,"Sporting goods stores",2001 Oct,1882
45111,"Sporting goods stores",2001 Nov,2151
45111,"Sporting goods stores",2001 Dec,3398
443141,"Household appliance stores",2002 Jan,1085
443141,"Household appliance stores",2002 Feb,1036
443141,"Household appliance stores",2002 Mar,1152
443141,"Household appliance stores",2002 Apr,1160
443141,"Household appliance stores",2002 May,1194
443141,"Household appliance stores",2002 Jun,1209
443141,"Household appliance stores",2002 Jul,1285
443141,"Household appliance stores",2002 Aug,1204
443141,"Household appliance stores",2002 Sep,1111
443141,"Household appliance stores",2002 Oct,1157
443141,"Household appliance stores",2002 Nov,1228
443141,"Household appliance stores",2002 Dec,1384
4441,"Building mat. and supplies dealers",2002 Jan,14957
4441,"Building mat. and supplies dealers",2002 Feb,14458
4441,"Building mat. and supplies dealers",2002 Mar,16873
4441,"Building mat. and supplies dealers",2002 Apr,20038
4441,"Building mat. and supplies dealers",2002 May,20917
4441,"Building mat. and supplies dealers",2002 Jun,19357
4441,"Building mat. and supplies dealers",2002 Jul,19721
4441,"Building mat. and supplies dealers",2002 Aug,19365
4441,"Building mat. and supplies dealers",2002 Sep,18240
4441,"Building mat. and supplies dealers",2002 Oct,19474
4441,"Building mat. and supplies dealers",2002 Nov,17593
4441,"Building mat. and supplies dealers",2002 Dec,16191
44812,"Women's clothing stores",2002 Jan,1987
44812,"Women's clothing stores",2002 Feb,2159
44812,"Women's clothing stores",2002 Mar,2779
44812,"Women's clothing stores",2002 Apr,2680
44812,"Women's clothing stores",2002 May,2755
44812,"Women's clothing stores",2002 Jun,2478
44812,"Women's clothing stores",2002 Jul,2260
44812,"Women's clothing stores",2002 Aug,2538
44812,"Women's clothing stores",2002 Sep,2373
44812,"Women's clothing stores",2002 Oct,2531
44812,"Women's clothing stores",2002 Nov,2740
44812,"Women's clothing stores",2002 Dec,3966
45111,"Sporting goods stores",2002 Jan,1739
45111,"Sporting goods stores",2002 Feb,1763
45111,"Sporting goods stores",2002 Mar,2167
45111,"Sporting goods stores",2002 Apr,2157
45111,"Sporting goods stores",2002 May,2141
45111,"Sporting goods stores",2002 Jun,2276
45111,"Sporting goods stores",2002 Jul,2177
45111,"Sporting goods stores",2002 Aug,2384
45111,"Sporting goods stores",2002 Sep,1998
45111,"Sporting goods stores",2002 Oct,1897
45111,"Sporting goods stores",2002 Nov,2133
45111,"Sporting goods stores",2002 Dec,3387
443141,"Household appliance stores",2003 Jan,1079
443141,"Household appliance stores",2003 Feb,970
443141,"Household appliance stores",2003 Mar,1096
443141,"Household appliance stores",2003 Apr,1067
443141,"Household appliance stores",2003 May,1165
443141,"Household appliance stores",2003 Jun,1216
443141,"Household appliance stores",2003 Jul,1285
443141,"Household appliance stores",2003 Aug,1273
443141,"Household appliance stores",2003 Sep,1218
443141,"Household appliance stores",2003 Oct,1265
443141,"Household appliance stores",2003 Nov,1305
443141,"Household appliance stores",2003 Dec,1525
4441,"Building mat. and supplies dealers",2003 Jan,15619
4441,"Building mat. and supplies dealers",2003 Feb,14083
4441,"Building mat. and supplies dealers",2003 Mar,17619
4441,"Building mat. and supplies dealers",2003 Apr,19876
4441,"Building mat. and supplies dealers",2003 May,20984
4441,"Building mat. and supplies dealers",2003 Jun,20946
4441,"Building mat. and supplies dealers",2003 Jul,21465
4441,"Building mat. and supplies dealers",2003 Aug,20425
4441,"Building mat. and supplies dealers",2003 Sep,20775
4441,"Building mat. and supplies dealers",2003 Oct,21669
4441,"Building mat. and supplies dealers",2003 Nov,18897
4441,"Building mat. and supplies dealers",2003 Dec,18613
44812,"Women's clothing stores",2003 Jan,2055
44812,"Women's clothing stores",2003 Feb,2091
44812,"Women's clothing stores",2003 Mar,2619
44812,"Women's clothing stores",2003 Apr,2724
44812,"Women's clothing stores",2003 May,2813
44812,"Women's clothing stores",2003 Jun,2536
44812,"Women's clothing stores",2003 Jul,2450
44812,"Women's clothing stores",2003 Aug,2597
44812,"Women's clothing stores",2003 Sep,2627
44812,"Women's clothing stores",2003 Oct,2793
44812,"Women's clothing stores",2003 Nov,2951
44812,"Women's clothing stores",2003 Dec,4309
45111,"Sporting goods stores",2003 Jan,1761
45111,"Sporting goods stores",2003 Feb,1747
45111,"Sporting goods stores",2003 Mar,2121
45111,"Sporting goods stores",2003 Apr,2135
45111,"Sporting goods stores",2003 May,2182
45111,"Sporting goods stores",2003 Jun,2325
45111,"Sporting goods stores",2003 Jul,2293
45111,"Sporting goods stores",2003 Aug,2548
45111,"Sporting goods stores",2003 Sep,2075
45111,"Sporting goods stores",2003 Oct,1970
45111,"Sporting goods stores",2003 Nov,2200
45111,"Sporting goods stores",2003 Dec,3643
443141,"Household appliance stores",2004 Jan,1158
443141,"Household appliance stores",2004 Feb,1147
443141,"Household appliance stores",2004 Mar,1277
443141,"Household appliance stores",2004 Apr,1203
443141,"Household appliance stores",2004 May,1290
443141,"Household appliance stores",2004 Jun,1341
443141,"Household appliance stores",2004 Jul,1312
443141,"Household appliance stores",2004 Aug,1299
443141,"Household appliance stores",2004 Sep,1250
443141,"Household appliance stores",2004 Oct,1278
443141,"Household appliance stores",2004 Nov,1412
443141,"Household appliance stores",2004 Dec,1641
4441,"Building mat. and supplies dealers",2004 Jan,16526
4441,"Building mat. and supplies dealers",2004 Feb,16258
4441,"Building mat. and supplies dealers",2004 Mar,21879
4441,"Building mat. and supplies dealers",2004 Apr,23351
4441,"Building mat. and supplies dealers",2004 May,23595
4441,"Building mat. and supplies dealers",2004 Jun,24738
4441,"Building mat. and supplies dealers",2004 Jul,23341
4441,"Building mat. and supplies dealers",2004 Aug,23253
4441,"Building mat. and supplies dealers",2004 Sep,22852
4441,"Building mat. and supplies dealers",2004 Oct,22415
4441,"Building mat. and supplies dealers",2004 Nov,21872
4441,"Building mat. and supplies dealers",2004 Dec,21120
44812,"Women's clothing stores",2004 Jan,2267
44812,"Women's clothing stores",2004 Feb,2402
44812,"Women's clothing stores",2004 Mar,2915
44812,"Women's clothing stores",2004 Apr,3023
44812,"Women's clothing stores",2004 May,3005
44812,"Women's clothing stores",2004 Jun,2777
44812,"Women's clothing stores",2004 Jul,2595
44812,"Women's clothing stores",2004 Aug,2644
44812,"Women's clothing stores",2004 Sep,2774
44812,"Women's clothing stores",2004 Oct,2990
44812,"Women's clothing stores",2004 Nov,3090
44812,"Women's clothing stores",2004 Dec,4472
45111,"Sporting goods stores",2004 Jan,1901
45111,"Sporting goods stores",2004 Feb,1888
45111,"Sporting goods stores",2004 Mar,2287
45111,"Sporting goods stores",2004 Apr,2221
45111,"Sporting goods stores",2004 May,2305
45111,"Sporting goods stores",2004 Jun,2514
45111,"Sporting goods stores",2004 Jul,2530
45111,"Sporting goods stores",2004 Aug,2621
45111,"Sporting goods stores",2004 Sep,2216
45111,"Sporting goods stores",2004 Oct,2103
45111,"Sporting goods stores",2004 Nov,2306
45111,"Sporting goods stores",2004 Dec,3748
443141,"Household appliance stores",2005 Jan,1217
443141,"Household appliance stores",2005 Feb,1222
443141,"Household appliance stores",2005 Mar,1329
443141,"Household appliance stores",2005 Apr,1334
443141,"Household appliance stores",2005 May,1358
443141,"Household appliance stores",2005 Jun,1470
443141,"Household appliance stores",2005 Jul,1395
443141,"Household appliance stores",2005 Aug,1430
443141,"Household appliance stores",2005 Sep,1369
443141,"Household appliance stores",2005 Oct,1411
443141,"Household appliance stores",2005 Nov,1523
443141,"Household appliance stores",2005 Dec,1734
4441,"Building mat. and supplies dealers",2005 Jan,18474
4441,"Building mat. and supplies dealers",2005 Feb,18255
4441,"Building mat. and supplies dealers",2005 Mar,23435
4441,"Building mat. and supplies dealers",2005 Apr,25194
4441,"Building mat. and supplies dealers",2005 May,26549
4441,"Building mat. and supplies dealers",2005 Jun,26863
4441,"Building mat. and supplies dealers",2005 Jul,24677
4441,"Building mat. and supplies dealers",2005 Aug,25872
4441,"Building mat. and supplies dealers",2005 Sep,25192
4441,"Building mat. and supplies dealers",2005 Oct,25244
4441,"Building mat. and supplies dealers",2005 Nov,24435
4441,"Building mat. and supplies dealers",2005 Dec,22414
44812,"Women's clothing stores",2005 Jan,2338
44812,"Women's clothing stores",2005 Feb,2453
44812,"Women's clothing stores",2005 Mar,3105
44812,"Women's clothing stores",2005 Apr,3177
44812,"Women's clothing stores",2005 May,3164
44812,"Women's clothing stores",2005 Jun,3045
44812,"Women's clothing stores",2005 Jul,2741
44812,"Women's clothing stores",2005 Aug,2871
44812,"Women's clothing stores",2005 Sep,2963
44812,"Women's clothing stores",2005 Oct,3120
44812,"Women's clothing stores",2005 Nov,3342
44812,"Women's clothing stores",2005 Dec,4756
45111,"Sporting goods stores",2005 Jan,1956
45111,"Sporting goods stores",2005 Feb,1976
45111,"Sporting goods stores",2005 Mar,2408
45111,"Sporting goods stores",2005 Apr,2539
45111,"Sporting goods stores",2005 May,2493
45111,"Sporting goods stores",2005 Jun,2655
45111,"Sporting goods stores",2005 Jul,2652
45111,"Sporting goods stores",2005 Aug,2788
45111,"Sporting goods stores",2005 Sep,2338
45111,"Sporting goods stores",2005 Oct,2246
45111,"Sporting goods stores",2005 Nov,2492
45111,"Sporting goods stores",2005 Dec,4170
443141,"Household appliance stores",2006 Jan,1325
443141,"Household appliance stores",2006 Feb,1298
443141,"Household appliance stores",2006 Mar,1457
443141,"Household appliance stores",2006 Apr,1363
443141,"Household appliance stores",2006 May,1471
443141,"Household appliance stores",2006 Jun,1503
443141,"Household appliance stores",2006 Jul,1518
443141,"Household appliance stores",2006 Aug,1569
443141,"Household appliance stores",2006 Sep,1482
443141,"Household appliance stores",2006 Oct,1464
443141,"Household appliance stores",2006 Nov,1594
443141,"Household appliance stores",2006 Dec,1701
4441,"Building mat. and supplies dealers",2006 Jan,21699
4441,"Building mat. and supplies dealers",2006 Feb,21119
4441,"Building mat. and supplies dealers",2006 Mar,26691
4441,"Building mat. and supplies dealers",2006 Apr,26428
4441,"Building mat. and supplies dealers",2006 May,29070
4441,"Building mat. and supplies dealers",2006 Jun,27883
4441,"Building mat. and supplies dealers",2006 Jul,25437
4441,"Building mat. and supplies dealers",2006 Aug,26886
4441,"Building mat. and supplies dealers",2006 Sep,24150
4441,"Building mat. and supplies dealers",2006 Oct,25298
4441,"Building mat. and supplies dealers",2006 Nov,23414
4441,"Building mat. and supplies dealers",2006 Dec,21307
44812,"Women's clothing stores",2006 Jan,2518
44812,"Women's clothing stores",2006 Feb,2518
44812,"Women's clothing stores",2006 Mar,3194
44812,"Women's clothing stores",2006 Apr,3379
44812,"Women's clothing stores",2006 May,3340
44812,"Women's clothing stores",2006 Jun,3183
44812,"Women's clothing stores",2006 Jul,2923
44812,"Women's clothing stores",2006 Aug,2960
44812,"Women's clothing stores",2006 Sep,3164
44812,"Women's clothing stores",2006 Oct,3197
44812,"Women's clothing stores",2006 Nov,3414
44812,"Women's clothing stores",2006 Dec,5019
45111,"Sporting goods stores",2006 Jan,2100
45111,"Sporting goods stores",2006 Feb,2154
45111,"Sporting goods stores",2006 Mar,2792
45111,"Sporting goods stores",2006 Apr,2713
45111,"Sporting goods stores",2006 May,2776
45111,"Sporting goods stores",2006 Jun,3012
45111,"Sporting goods stores",2006 Jul,2872
45111,"Sporting goods stores",2006 Aug,3085
45111,"Sporting goods stores",2006 Sep,2752
45111,"Sporting goods stores",2006 Oct,2447
45111,"Sporting goods stores",2006 Nov,2710
45111,"Sporting goods stores",2006 Dec,4456
443141,"Household appliance stores",2007 Jan,1395
443141,"Household appliance stores",2007 Feb,1306
443141,"Household appliance stores",2007 Mar,1447
443141,"Household appliance stores",2007 Apr,1343
443141,"Household appliance stores",2007 May,1541
443141,"Household appliance stores",2007 Jun,1532
443141,"Household appliance stores",2007 Jul,1479
443141,"Household appliance stores",2007 Aug,1565
443141,"Household appliance stores",2007 Sep,1405
443141,"Household appliance stores",2007 Oct,1486
443141,"Household appliance stores",2007 Nov,1635
443141,"Household appliance stores",2007 Dec,1665
4441,"Building mat. and supplies dealers",2007 Jan,20238
4441,"Building mat. and supplies dealers",2007 Feb,18893
4441,"Building mat. and supplies dealers",2007 Mar,23857
4441,"Building mat. and supplies dealers",2007 Apr,24763
4441,"Building mat. and supplies dealers",2007 May,28628
4441,"Building mat. and supplies dealers",2007 Jun,26408
4441,"Building mat. and supplies dealers",2007 Jul,25588
4441,"Building mat. and supplies dealers",2007 Aug,25666
4441,"Building mat. and supplies dealers",2007 Sep,22706
4441,"Building mat. and supplies dealers",2007 Oct,24458
4441,"Building mat. and supplies dealers",2007 Nov,22742
4441,"Building mat. and supplies dealers",2007 Dec,19900
44812,"Women's clothing stores",2007 Jan,2639
44812,"Women's clothing stores",2007 Feb,2694
44812,"Women's clothing stores",2007 Mar,3499
44812,"Women's clothing stores",2007 Apr,3531
44812,"Women's clothing stores",2007 May,3760
44812,"Women's clothing stores",2007 Jun,3412
44812,"Women's clothing stores",2007 Jul,2770
44812,"Women's clothing stores",2007 Aug,3205
44812,"Women's clothing stores",2007 Sep,3177
44812,"Women's clothing stores",2007 Oct,3306
44812,"Women's clothing stores",2007 Nov,3598
44812,"Women's clothing stores",2007 Dec,4703
45111,"Sporting goods stores",2007 Jan,2200
45111,"Sporting goods stores",2007 Feb,2171
45111,"Sporting goods stores",2007 Mar,2969
45111,"Sporting goods stores",2007 Apr,2737
45111,"Sporting goods stores",2007 May,3087
45111,"Sporting goods stores",2007 Jun,3380
45111,"Sporting goods stores",2007 Jul,3165
45111,"Sporting goods stores",2007 Aug,3378
45111,"Sporting goods stores",2007 Sep,2712
45111,"Sporting goods stores",2007 Oct,2570
45111,"Sporting goods stores",2007 Nov,2939
45111,"Sporting goods stores",2007 Dec,4496
443141,"Household appliance stores",2008 Jan,1316
443141,"Household appliance stores",2008 Feb,1362
443141,"Household appliance stores",2008 Mar,1369
443141,"Household appliance stores",2008 Apr,1392
443141,"Household appliance stores",2008 May,1468
443141,"Household appliance stores",2008 Jun,1493
443141,"Household appliance stores",2008 Jul,1491
443141,"Household appliance stores",2008 Aug,1413
443141,"Household appliance stores",2008 Sep,1338
443141,"Household appliance stores",2008 Oct,1334
443141,"Household appliance stores",2008 Nov,1440
443141,"Household appliance stores",2008 Dec,1572
4441,"Building mat. and supplies dealers",2008 Jan,18677
4441,"Building mat. and supplies dealers",2008 Feb,18247
4441,"Building mat. and supplies dealers",2008 Mar,20722
4441,"Building mat. and supplies dealers",2008 Apr,24370
4441,"Building mat. and supplies dealers",2008 May,26291
4441,"Building mat. and supplies dealers",2008 Jun,24818
4441,"Building mat. and supplies dealers",2008 Jul,25033
4441,"Building mat. and supplies dealers",2008 Aug,22746
4441,"Building mat. and supplies dealers",2008 Sep,22364
4441,"Building mat. and supplies dealers",2008 Oct,22797
4441,"Building mat. and supplies dealers",2008 Nov,18968
4441,"Building mat. and supplies dealers",2008 Dec,18049
44812,"Women's clothing stores",2008 Jan,2519
44812,"Women's clothing stores",2008 Feb,2763
44812,"Women's clothing stores",2008 Mar,3392
44812,"Women's clothing stores",2008 Apr,3439
44812,"Women's clothing stores",2008 May,3603
44812,"Women's clothing stores",2008 Jun,3149
44812,"Women's clothing stores",2008 Jul,2972
44812,"Women's clothing stores",2008 Aug,3144
44812,"Women's clothing stores",2008 Sep,3064
44812,"Women's clothing stores",2008 Oct,3071
44812,"Women's clothing stores",2008 Nov,3242
44812,"Women's clothing stores",2008 Dec,4044
45111,"Sporting goods stores",2008 Jan,2315
45111,"Sporting goods stores",2008 Feb,2415
45111,"Sporting goods stores",2008 Mar,2995
45111,"Sporting goods stores",2008 Apr,2984
45111,"Sporting goods stores",2008 May,3276
45111,"Sporting goods stores",2008 Jun,3408
45111,"Sporting goods stores",2008 Jul,3308
45111,"Sporting goods stores",2008 Aug,3543
45111,"Sporting goods stores",2008 Sep,2725
45111,"Sporting goods stores",2008 Oct,2482
45111,"Sporting goods stores",2008 Nov,2796
45111,"Sporting goods stores",2008 Dec,4530
443141,"Household appliance stores",2009 Jan,1258
443141,"Household appliance stores",2009 Feb,1153
443141,"Household appliance stores",2009 Mar,1194
443141,"Household appliance stores",2009 Apr,1194
443141,"Household appliance stores",2009 May,1253
443141,"Household appliance stores",2009 Jun,1280
443141,"Household appliance stores",2009 Jul,1303
443141,"Household appliance stores",2009 Aug,1307
443141,"Household appliance stores",2009 Sep,1203
443141,"Household appliance stores",2009 Oct,1257
443141,"Household appliance stores",2009 Nov,1398
443141,"Household appliance stores",2009 Dec,1489
4441,"Building mat. and supplies dealers",2009 Jan,15702
4441,"Building mat. and supplies dealers",2009 Feb,15177
4441,"Building mat. and supplies dealers",2009 Mar,18571
4441,"Building mat. and supplies dealers",2009 Apr,20626
4441,"Building mat. and supplies dealers",2009 May,22160
4441,"Building mat. and supplies dealers",2009 Jun,22043
4441,"Building mat. and supplies dealers",2009 Jul,21029
4441,"Building mat. and supplies dealers",2009 Aug,19344
4441,"Building mat. and supplies dealers",2009 Sep,19376
4441,"Building mat. and supplies dealers",2009 Oct,19076
4441,"Building mat. and supplies dealers",2009 Nov,17562
4441,"Building mat. and supplies dealers",2009 Dec,16808
44812,"Women's clothing stores",2009 Jan,2285
44812,"Women's clothing stores",2009 Feb,2424
44812,"Women's clothing stores",2009 Mar,2953
44812,"Women's clothing stores",2009 Apr,3264
44812,"Women's clothing stores",2009 May,3280
44812,"Women's clothing stores",2009 Jun,2894
44812,"Women's clothing stores",2009 Jul,2716
44812,"Women's clothing stores",2009 Aug,2942
44812,"Women's clothing stores",2009 Sep,2939
44812,"Women's clothing stores",2009 Oct,3095
44812,"Women's clothing stores",2009 Nov,3189
44812,"Women's clothing stores",2009 Dec,4074
45111,"Sporting goods stores",2009 Jan,2442
45111,"Sporting goods stores",2009 Feb,2347
45111,"Sporting goods stores",2009 Mar,2894
45111,"Sporting goods stores",2009 Apr,2959
45111,"Sporting goods stores",2009 May,3119
45111,"Sporting goods stores",2009 Jun,3290
45111,"Sporting goods stores",2009 Jul,3209
45111,"Sporting goods stores",2009 Aug,3418
45111,"Sporting goods stores",2009 Sep,2779
45111,"Sporting goods stores",2009 Oct,2571
45111,"Sporting goods stores",2009 Nov,2788
45111,"Sporting goods stores",2009 Dec,4758
443141,"Household appliance stores",2010 Jan,1112
443141,"Household appliance stores",2010 Feb,1130
443141,"Household appliance stores",2010 Mar,1223
443141,"Household appliance stores",2010 Apr,1245
443141,"Household appliance stores",2010 May,1365
443141,"Household appliance stores",2010 Jun,1344
443141,"Household appliance stores",2010 Jul,1355
443141,"Household appliance stores",2010 Aug,1291
443141,"Household appliance stores",2010 Sep,1226
443141,"Household appliance stores",2010 Oct,1192
443141,"Household appliance stores",2010 Nov,1460
443141,"Household appliance stores",2010 Dec,1513
4441,"Building mat. and supplies dealers",2010 Jan,13738
4441,"Building mat. and supplies dealers",2010 Feb,13750
4441,"Building mat. and supplies dealers",2010 Mar,19009
4441,"Building mat. and supplies dealers",2010 Apr,21771
4441,"Building mat. and supplies dealers",2010 May,21871
4441,"Building mat. and supplies dealers",2010 Jun,21652
4441,"Building mat. and supplies dealers",2010 Jul,20304
4441,"Building mat. and supplies dealers",2010 Aug,19349
4441,"Building mat. and supplies dealers",2010 Sep,18915
4441,"Building mat. and supplies dealers",2010 Oct,18985
4441,"Building mat. and supplies dealers",2010 Nov,18714
4441,"Building mat. and supplies dealers",2010 Dec,17654
44812,"Women's clothing stores",2010 Jan,2304
44812,"Women's clothing stores",2010 Feb,2480
44812,"Women's clothing stores",2010 Mar,3293
44812,"Women's clothing stores",2010 Apr,3334
44812,"Women's clothing stores",2010 May,3308
44812,"Women's clothing stores",2010 Jun,2995
44812,"Women's clothing stores",2010 Jul,2847
44812,"Women's clothing stores",2010 Aug,2960
44812,"Women's clothing stores",2010 Sep,3061
44812,"Women's clothing stores",2010 Oct,3214
44812,"Women's clothing stores",2010 Nov,3454
44812,"Women's clothing stores",2010 Dec,4440
45111,"Sporting goods stores",2010 Jan,2373
45111,"Sporting goods stores",2010 Feb,2303
45111,"Sporting goods stores",2010 Mar,3118
45111,"Sporting goods stores",2010 Apr,3001
45111,"Sporting goods stores",2010 May,3078
45111,"Sporting goods stores",2010 Jun,3413
45111,"Sporting goods stores",2010 Jul,3266
45111,"Sporting goods stores",2010 Aug,3415
45111,"Sporting goods stores",2010 Sep,2828
45111,"Sporting goods stores",2010 Oct,2611
45111,"Sporting goods stores",2010 Nov,3107
45111,"Sporting goods stores",2010 Dec,4894
443141,"Household appliance stores",2011 Jan,1077
443141,"Household appliance stores",2011 Feb,1141
443141,"Household appliance stores",2011 Mar,1215
443141,"Household appliance stores",2011 Apr,1181
443141,"Household appliance stores",2011 May,1274
443141,"Household appliance stores",2011 Jun,1314
443141,"Household appliance stores",2011 Jul,1334
443141,"Household appliance stores",2011 Aug,1360
443141,"Household appliance stores",2011 Sep,1383
443141,"Household appliance stores",2011 Oct,1277
443141,"Household appliance stores",2011 Nov,1612
443141,"Household appliance stores",2011 Dec,1639
4441,"Building mat. and supplies dealers",2011 Jan,14265
4441,"Building mat. and supplies dealers",2011 Feb,14196
4441,"Building mat. and supplies dealers",2011 Mar,18974
4441,"Building mat. and supplies dealers",2011 Apr,20310
4441,"Building mat. and supplies dealers",2011 May,22769
4441,"Building mat. and supplies dealers",2011 Jun,22556
4441,"Building mat. and supplies dealers",2011 Jul,20828
4441,"Building mat. and supplies dealers",2011 Aug,21167
4441,"Building mat. and supplies dealers",2011 Sep,20054
4441,"Building mat. and supplies dealers",2011 Oct,19992
4441,"Building mat. and supplies dealers",2011 Nov,19415
4441,"Building mat. and supplies dealers",2011 Dec,18123
44812,"Women's clothing stores",2011 Jan,2345
44812,"Women's clothing stores",2011 Feb,2753
44812,"Women's clothing stores",2011 Mar,3449
44812,"Women's clothing stores",2011 Apr,3582
44812,"Women's clothing stores",2011 May,3508
44812,"Women's clothing stores",2011 Jun,3285
44812,"Women's clothing stores",2011 Jul,3060
44812,"Women's clothing stores",2011 Aug,3027
44812,"Women's clothing stores",2011 Sep,3301
44812,"Women's clothing stores",2011 Oct,3297
44812,"Women's clothing stores",2011 Nov,3625
44812,"Women's clothing stores",2011 Dec,4816
45111,"Sporting goods stores",2011 Jan,2414
45111,"Sporting goods stores",2011 Feb,2456
45111,"Sporting goods stores",2011 Mar,3266
45111,"Sporting goods stores",2011 Apr,3246
45111,"Sporting goods stores",2011 May,3169
45111,"Sporting goods stores",2011 Jun,3505
45111,"Sporting goods stores",2011 Jul,3334
45111,"Sporting goods stores",2011 Aug,3623
45111,"Sporting goods stores",2011 Sep,3011
45111,"Sporting goods stores",2011 Oct,2746
45111,"Sporting goods stores",2011 Nov,3227
45111,"Sporting goods stores",2011 Dec,4998
443141,"Household appliance stores",2012 Jan,1170
443141,"Household appliance stores",2012 Feb,1265
443141,"Household appliance stores",2012 Mar,1325
443141,"Household appliance stores",2012 Apr,1202
443141,"Household appliance stores",2012 May,1400
443141,"Household appliance stores",2012 Jun,1413
443141,"Household appliance stores",2012 Jul,1374
443141,"Household appliance stores",2012 Aug,1410
443141,"Household appliance stores",2012 Sep,1305
443141,"Household appliance stores",2012 Oct,1299
443141,"Household appliance stores",2012 Nov,1639
443141,"Household appliance stores",2012 Dec,1613
4441,"Building mat. and supplies dealers",2012 Jan,15941
4441,"Building mat. and supplies dealers",2012 Feb,16385
4441,"Building mat. and supplies dealers",2012 Mar,20492
4441,"Building mat. and supplies dealers",2012 Apr,21124
4441,"Building mat. and supplies dealers",2012 May,24075
4441,"Building mat. and supplies dealers",2012 Jun,22024
4441,"Building mat. and supplies dealers",2012 Jul,21113
4441,"Building mat. and supplies dealers",2012 Aug,21511
4441,"Building mat. and supplies dealers",2012 Sep,19607
4441,"Building mat. and supplies dealers",2012 Oct,21465
4441,"Building mat. and supplies dealers",2012 Nov,20399
4441,"Building mat. and supplies dealers",2012 Dec,18040
44812,"Women's clothing stores",2012 Jan,2544
44812,"Women's clothing stores",2012 Feb,3036
44812,"Women's clothing stores",2012 Mar,3840
44812,"Women's clothing stores",2012 Apr,3592
44812,"Women's clothing stores",2012 May,3693
44812,"Women's clothing stores",2012 Jun,3374
44812,"Women's clothing stores",2012 Jul,3094
44812,"Women's clothing stores",2012 Aug,3284
44812,"Women's clothing stores",2012 Sep,3339
44812,"Women's clothing stores",2012 Oct,3482
44812,"Women's clothing stores",2012 Nov,3823
44812,"Women's clothing stores",2012 Dec,4693
45111,"Sporting goods stores",2012 Jan,2505
45111,"Sporting goods stores",2012 Feb,2723
45111,"Sporting goods stores",2012 Mar,3607
45111,"Sporting goods stores",2012 Apr,3304
45111,"Sporting goods stores",2012 May,3455
45111,"Sporting goods stores",2012 Jun,3829
45111,"Sporting goods stores",2012 Jul,3551
45111,"Sporting goods stores",2012 Aug,3969
45111,"Sporting goods stores",2012 Sep,3161
45111,"Sporting goods stores",2012 Oct,2959
45111,"Sporting goods stores",2012 Nov,3478
45111,"Sporting goods stores",2012 Dec,5601
443141,"Household appliance stores",2013 Jan,1241
443141,"Household appliance stores",2013 Feb,1291
443141,"Household appliance stores",2013 Mar,1380
443141,"Household appliance stores",2013 Apr,1310
443141,"Household appliance stores",2013 May,1481
443141,"Household appliance stores",2013 Jun,1407
443141,"Household appliance stores",2013 Jul,1498
443141,"Household appliance stores",2013 Aug,1476
443141,"Household appliance stores",2013 Sep,1408
443141,"Household appliance stores",2013 Oct,1449
443141,"Household appliance stores",2013 Nov,1606
443141,"Household appliance stores",2013 Dec,1644
4441,"Building mat. and supplies dealers",2013 Jan,17035
4441,"Building mat. and supplies dealers",2013 Feb,16376
4441,"Building mat. and supplies dealers",2013 Mar,19739
4441,"Building mat. and supplies dealers",2013 Apr,23782
4441,"Building mat. and supplies dealers",2013 May,26419
4441,"Building mat. and supplies dealers",2013 Jun,23388
4441,"Building mat. and supplies dealers",2013 Jul,23887
4441,"Building mat. and supplies dealers",2013 Aug,23021
4441,"Building mat. and supplies dealers",2013 Sep,21391
4441,"Building mat. and supplies dealers",2013 Oct,22841
4441,"Building mat. and supplies dealers",2013 Nov,20837
4441,"Building mat. and supplies dealers",2013 Dec,19058
44812,"Women's clothing stores",2013 Jan,2661
44812,"Women's clothing stores",2013 Feb,2801
44812,"Women's clothing stores",2013 Mar,3726
44812,"Women's clothing stores",2013 Apr,3503
44812,"Women's clothing stores",2013 May,3733
44812,"Women's clothing stores",2013 Jun,3261
44812,"Women's clothing stores",2013 Jul,3171
44812,"Women's clothing stores",2013 Aug,3469
44812,"Women's clothing stores",2013 Sep,3277
44812,"Women's clothing stores",2013 Oct,3497
44812,"Women's clothing stores",2013 Nov,3808
44812,"Women's clothing stores",2013 Dec,4720
45111,"Sporting goods stores",2013 Jan,3070
45111,"Sporting goods stores",2013 Feb,3016
45111,"Sporting goods stores",2013 Mar,3830
45111,"Sporting goods stores",2013 Apr,3427
45111,"Sporting goods stores",2013 May,3657
45111,"Sporting goods stores",2013 Jun,3954
45111,"Sporting goods stores",2013 Jul,3818
45111,"Sporting goods stores",2013 Aug,4159
45111,"Sporting goods stores",2013 Sep,3230
45111,"Sporting goods stores",2013 Oct,3161
45111,"Sporting goods stores",2013 Nov,3749
45111,"Sporting goods stores",2013 Dec,5515
443141,"Household appliance stores",2014 Jan,1261
443141,"Household appliance stores",2014 Feb,1275
443141,"Household appliance stores",2014 Mar,1405
443141,"Household appliance stores",2014 Apr,1294
443141,"Household appliance stores",2014 May,1444
443141,"Household appliance stores",2014 Jun,1443
443141,"Household appliance stores",2014 Jul,1475
443141,"Household appliance stores",2014 Aug,1461
443141,"Household appliance stores",2014 Sep,1445
443141,"Household appliance stores",2014 Oct,1458
443141,"Household appliance stores",2014 Nov,1602
443141,"Household appliance stores",2014 Dec,1632
4441,"Building mat. and supplies dealers",2014 Jan,17518
4441,"Building mat. and supplies dealers",2014 Feb,16677
4441,"Building mat. and supplies dealers",2014 Mar,20539
4441,"Building mat. and supplies dealers",2014 Apr,24344
4441,"Building mat. and supplies dealers",2014 May,27039
4441,"Building mat. and supplies dealers",2014 Jun,25344
4441,"Building mat. and supplies dealers",2014 Jul,25282
4441,"Building mat. and supplies dealers",2014 Aug,23567
4441,"Building mat. and supplies dealers",2014 Sep,23432
4441,"Building mat. and supplies dealers",2014 Oct,24059
4441,"Building mat. and supplies dealers",2014 Nov,21675
4441,"Building mat. and supplies dealers",2014 Dec,20776
44812,"Women's clothing stores",2014 Jan,2452
44812,"Women's clothing stores",2014 Feb,2802
44812,"Women's clothing stores",2014 Mar,3521
44812,"Women's clothing stores",2014 Apr,3575
44812,"Women's clothing stores",2014 May,3743
44812,"Women's clothing stores",2014 Jun,3157
44812,"Women's clothing stores",2014 Jul,3152
44812,"Women's clothing stores",2014 Aug,3426
44812,"Women's clothing stores",2014 Sep,3221
44812,"Women's clothing stores",2014 Oct,3458
44812,"Women's clothing stores",2014 Nov,3830
44812,"Women's clothing stores",2014 Dec,4919
45111,"Sporting goods stores",2014 Jan,2722
45111,"Sporting goods stores",2014 Feb,2802
45111,"Sporting goods stores",2014 Mar,3551
45111,"Sporting goods stores",2014 Apr,3518
45111,"Sporting goods stores",2014 May,3679
45111,"Sporting goods stores",2014 Jun,3932
45111,"Sporting goods stores",2014 Jul,3840
45111,"Sporting goods stores",2014 Aug,4384
45111,"Sporting goods stores",2014 Sep,3517
45111,"Sporting goods stores",2014 Oct,3433
45111,"Sporting goods stores",2014 Nov,3899
45111,"Sporting goods stores",2014 Dec,5836
443141,"Household appliance stores",2015 Jan,1271
443141,"Household appliance stores",2015 Feb,1248
443141,"Household appliance stores",2015 Mar,1414
443141,"Household appliance stores",2015 Apr,1335
443141,"Household appliance stores",2015 May,1513
443141,"Household appliance stores",2015 Jun,1524
443141,"Household appliance stores",2015 Jul,1537
443141,"Household appliance stores",2015 Aug,1430
443141,"Household appliance stores",2015 Sep,1463
443141,"Household appliance stores",2015 Oct,1396
443141,"Household appliance stores",2015 Nov,1549
443141,"Household appliance stores",2015 Dec,1603
4441,"Building mat. and supplies dealers",2015 Jan,18499
4441,"Building mat. and supplies dealers",2015 Feb,17326
4441,"Building mat. and supplies dealers",2015 Mar,22566
4441,"Building mat. and supplies dealers",2015 Apr,25290
4441,"Building mat. and supplies dealers",2015 May,26567
4441,"Building mat. and supplies dealers",2015 Jun,26269
4441,"Building mat. and supplies dealers",2015 Jul,26316
4441,"Building mat. and supplies dealers",2015 Aug,24104
4441,"Building mat. and supplies dealers",2015 Sep,23979
4441,"Building mat. and supplies dealers",2015 Oct,24394
4441,"Building mat. and supplies dealers",2015 Nov,23124
4441,"Building mat. and supplies dealers",2015 Dec,23011
44812,"Women's clothing stores",2015 Jan,2503
44812,"Women's clothing stores",2015 Feb,2753
44812,"Women's clothing stores",2015 Mar,3495
44812,"Women's clothing stores",2015 Apr,3421
44812,"Women's clothing stores",2015 May,3699
44812,"Women's clothing stores",2015 Jun,3196
44812,"Women's clothing stores",2015 Jul,3157
44812,"Women's clothing stores",2015 Aug,3357
44812,"Women's clothing stores",2015 Sep,3115
44812,"Women's clothing stores",2015 Oct,3435
44812,"Women's clothing stores",2015 Nov,3631
44812,"Women's clothing stores",2015 Dec,4830
45111,"Sporting goods stores",2015 Jan,2871
45111,"Sporting goods stores",2015 Feb,2864
45111,"Sporting goods stores",2015 Mar,3735
45111,"Sporting goods stores",2015 Apr,3617
45111,"Sporting goods stores",2015 May,3878
45111,"Sporting goods stores",2015 Jun,4152
45111,"Sporting goods stores",2015 Jul,4158
45111,"Sporting goods stores",2015 Aug,4389
45111,"Sporting goods stores",2015 Sep,3699
45111,"Sporting goods stores",2015 Oct,3470
45111,"Sporting goods stores",2015 Nov,3881
45111,"Sporting goods stores",2015 Dec,6217
443141,"Household appliance stores",2016 Jan,1242
443141,"Household appliance stores",2016 Feb,1344
443141,"Household appliance stores",2016 Mar,1407
443141,"Household appliance stores",2016 Apr,1331
443141,"Household appliance stores",2016 May,1460
443141,"Household appliance stores",2016 Jun,1542
443141,"Household appliance stores",2016 Jul,1497
443141,"Household appliance stores",2016 Aug,1504
443141,"Household appliance stores",2016 Sep,1515
443141,"Household appliance stores",2016 Oct,1393
443141,"Household appliance stores",2016 Nov,1644
443141,"Household appliance stores",2016 Dec,1630
4441,"Building mat. and supplies dealers",2016 Jan,19166
4441,"Building mat. and supplies dealers",2016 Feb,20044
4441,"Building mat. and supplies dealers",2016 Mar,24811
4441,"Building mat. and supplies dealers",2016 Apr,26178
4441,"Building mat. and supplies dealers",2016 May,28047
4441,"Building mat. and supplies dealers",2016 Jun,28223
4441,"Building mat. and supplies dealers",2016 Jul,25924
4441,"Building mat. and supplies dealers",2016 Aug,25907
4441,"Building mat. and supplies dealers",2016 Sep,24876
4441,"Building mat. and supplies dealers",2016 Oct,24508
4441,"Building mat. and supplies dealers",2016 Nov,24627
4441,"Building mat. and supplies dealers",2016 Dec,22754
44812,"Women's clothing stores",2016 Jan,2444
44812,"Women's clothing stores",2016 Feb,2903
44812,"Women's clothing stores",2016 Mar,3612
44812,"Women's clothing stores",2016 Apr,3476
44812,"Women's clothing stores",2016 May,3560
44812,"Women's clothing stores",2016 Jun,3198
44812,"Women's clothing stores",2016 Jul,3097
44812,"Women's clothing stores",2016 Aug,3338
44812,"Women's clothing stores",2016 Sep,3118
44812,"Women's clothing stores",2016 Oct,3215
44812,"Women's clothing stores",2016 Nov,3646
44812,"Women's clothing stores",2016 Dec,4616
45111,"Sporting goods stores",2016 Jan,3106
45111,"Sporting goods stores",2016 Feb,3237
45111,"Sporting goods stores",2016 Mar,4076
45111,"Sporting goods stores",2016 Apr,3794
45111,"Sporting goods stores",2016 May,3942
45111,"Sporting goods stores",2016 Jun,4635
45111,"Sporting goods stores",2016 Jul,4318
45111,"Sporting goods stores",2016 Aug,4307
45111,"Sporting goods stores",2016 Sep,3591
45111,"Sporting goods stores",2016 Oct,3400
45111,"Sporting goods stores",2016 Nov,3877
45111,"Sporting goods stores",2016 Dec,5848
443141,"Household appliance stores",2017 Jan,1300
443141,"Household appliance stores",2017 Feb,1288
443141,"Household appliance stores",2017 Mar,1491
443141,"Household appliance stores",2017 Apr,1349
443141,"Household appliance stores",2017 May,1452
443141,"Household appliance stores",2017 Jun,1447
443141,"Household appliance stores",2017 Jul,1396
443141,"Household appliance stores",2017 Aug,1388
443141,"Household appliance stores",2017 Sep,1386
443141,"Household appliance stores",2017 Oct,1361
443141,"Household appliance stores",2017 Nov,1514
443141,"Household appliance stores",2017 Dec,1434
4441,"Building mat. and supplies dealers",2017 Jan,20248
4441,"Building mat. and supplies dealers",2017 Feb,19955
4441,"Building mat. and supplies dealers",2017 Mar,25207
4441,"Building mat. and supplies dealers",2017 Apr,25954
4441,"Building mat. and supplies dealers",2017 May,29756
4441,"Building mat. and supplies dealers",2017 Jun,28832
4441,"Building mat. and supplies dealers",2017 Jul,26493
4441,"Building mat. and supplies dealers",2017 Aug,27029
4441,"Building mat. and supplies dealers",2017 Sep,26020
4441,"Building mat. and supplies dealers",2017 Oct,26547
4441,"Building mat. and supplies dealers",2017 Nov,25969
4441,"Building mat. and supplies dealers",2017 Dec,23461
44812,"Women's clothing stores",2017 Jan,2380
44812,"Women's clothing stores",2017 Feb,2676
44812,"Women's clothing stores",2017 Mar,3370
44812,"Women's clothing stores",2017 Apr,3498
44812,"Women's clothing stores",2017 May,3487
44812,"Women's clothing stores",2017 Jun,3218
44812,"Women's clothing stores",2017 Jul,3080
44812,"Women's clothing stores",2017 Aug,3169
44812,"Women's clothing stores",2017 Sep,3003
44812,"Women's clothing stores",2017 Oct,3175
44812,"Women's clothing stores",2017 Nov,3635
44812,"Women's clothing stores",2017 Dec,4521
45111,"Sporting goods stores",2017 Jan,2963
45111,"Sporting goods stores",2017 Feb,3038
45111,"Sporting goods stores",2017 Mar,3792
45111,"Sporting goods stores",2017 Apr,3654
45111,"Sporting goods stores",2017 May,3811
45111,"Sporting goods stores",2017 Jun,4115
45111,"Sporting goods stores",2017 Jul,3919
45111,"Sporting goods stores",2017 Aug,4225
45111,"Sporting goods stores",2017 Sep,3567
45111,"Sporting goods stores",2017 Oct,3393
45111,"Sporting goods stores",2017 Nov,3984
45111,"Sporting goods stores",2017 Dec,5504
443141,"Household appliance stores",2018 Jan,1230
443141,"Household appliance stores",2018 Feb,1225
443141,"Household appliance stores",2018 Mar,1421
443141,"Household appliance stores",2018 Apr,1322
443141,"Household appliance stores",2018 May,1506
443141,"Household appliance stores",2018 Jun,1489
443141,"Household appliance stores",2018 Jul,1473
443141,"Household appliance stores",2018 Aug,1530
443141,"Household appliance stores",2018 Sep,1356
443141,"Household appliance stores",2018 Oct,1425
443141,"Household appliance stores",2018 Nov,1543
443141,"Household appliance stores",2018 Dec,1416
4441,"Building mat. and supplies dealers",2018 Jan,21112
4441,"Building mat. and supplies dealers",2018 Feb,20800
4441,"Building mat. and supplies dealers",2018 Mar,25724
4441,"Building mat. and supplies dealers",2018 Apr,27480
4441,"Building mat. and supplies dealers",2018 May,32433
4441,"Building mat. and supplies dealers",2018 Jun,30656
4441,"Building mat. and supplies dealers",2018 Jul,29739
4441,"Building mat. and supplies dealers",2018 Aug,28719
4441,"Building mat. and supplies dealers",2018 Sep,26101
4441,"Building mat. and supplies dealers",2018 Oct,28621
4441,"Building mat. and supplies dealers",2018 Nov,26496
4441,"Building mat. and supplies dealers",2018 Dec,24020
44812,"Women's clothing stores",2018 Jan,2320
44812,"Women's clothing stores",2018 Feb,2642
44812,"Women's clothing stores",2018 Mar,3439
44812,"Women's clothing stores",2018 Apr,3328
44812,"Women's clothing stores",2018 May,3787
44812,"Women's clothing stores",2018 Jun,3232
44812,"Women's clothing stores",2018 Jul,3090
44812,"Women's clothing stores",2018 Aug,3257
44812,"Women's clothing stores",2018 Sep,3060
44812,"Women's clothing stores",2018 Oct,3363
44812,"Women's clothing stores",2018 Nov,3982
44812,"Women's clothing stores",2018 Dec,4398
45111,"Sporting goods stores",2018 Jan,2784
45111,"Sporting goods stores",2018 Feb,3036
45111,"Sporting goods stores",2018 Mar,3800
45111,"Sporting goods stores",2018 Apr,3543
45111,"Sporting goods stores",2018 May,3794
45111,"Sporting goods stores",2018 Jun,4078
45111,"Sporting goods stores",2018 Jul,3860
45111,"Sporting goods stores",2018 Aug,4072
45111,"Sporting goods stores",2018 Sep,3141
45111,"Sporting goods stores",2018 Oct,3207
45111,"Sporting goods stores",2018 Nov,3691
45111,"Sporting goods stores",2018 Dec,5011
443141,"Household appliance stores",2019 Jan,1221
443141,"Household appliance stores",2019 Feb,1202
443141,"Household appliance stores",2019 Mar,1364
443141,"Household appliance stores",2019 Apr,1340
443141,"Household appliance stores",2019 May,1506
443141,"Household appliance stores",2019 Jun,1432
443141,"Household appliance stores",2019 Jul,1558
443141,"Household appliance stores",2019 Aug,1500
443141,"Household appliance stores",2019 Sep,1384
443141,"Household appliance stores",2019 Oct,1435
443141,"Household appliance stores",2019 Nov,1525
443141,"Household appliance stores",2019 Dec,1443
4441,"Building mat. and supplies dealers",2019 Jan,23461
4441,"Building mat. and supplies dealers",2019 Feb,21083
4441,"Building mat. and supplies dealers",2019 Mar,25899
4441,"Building mat. and supplies dealers",2019 Apr,29266
4441,"Building mat. and supplies dealers",2019 May,32244
4441,"Building mat. and supplies dealers",2019 Jun,29288
4441,"Building mat. and supplies dealers",2019 Jul,29932
4441,"Building mat. and supplies dealers",2019 Aug,28888
4441,"Building mat. and supplies dealers",2019 Sep,26611
4441,"Building mat. and supplies dealers",2019 Oct,28631
4441,"Building mat. and supplies dealers",2019 Nov,26141
4441,"Building mat. and supplies dealers",2019 Dec,24854
44812,"Women's clothing stores",2019 Jan,2350
44812,"Women's clothing stores",2019 Feb,2509
44812,"Women's clothing stores",2019 Mar,3350
44812,"Women's clothing stores",2019 Apr,3344
44812,"Women's clothing stores",2019 May,3568
44812,"Women's clothing stores",2019 Jun,3046
44812,"Women's clothing stores",2019 Jul,3034
44812,"Women's clothing stores",2019 Aug,3102
44812,"Women's clothing stores",2019 Sep,2882
44812,"Women's clothing stores",2019 Oct,3194
44812,"Women's clothing stores",2019 Nov,3628
44812,"Women's clothing stores",2019 Dec,4355
45111,"Sporting goods stores",2019 Jan,2743
45111,"Sporting goods stores",2019 Feb,2837
45111,"Sporting goods stores",2019 Mar,3650
45111,"Sporting goods stores",2019 Apr,3629
45111,"Sporting goods stores",2019 May,3776
45111,"Sporting goods stores",2019 Jun,4111
45111,"Sporting goods stores",2019 Jul,4080
45111,"Sporting goods stores",2019 Aug,4311
45111,"Sporting goods stores",2019 Sep,3355
45111,"Sporting goods stores",2019 Oct,3474
45111,"Sporting goods stores",2019 Nov,3771
45111,"Sporting goods stores",2019 Dec,5258
443141,"Household appliance stores",2020 Jan,1243
443141,"Household appliance stores",2020 Feb,1243
443141,"Household appliance stores",2020 Mar,1288
443141,"Household appliance stores",2020 Apr,1129
443141,"Household appliance stores",2020 May,1439
443141,"Household appliance stores",2020 Jun,1677
443141,"Household appliance stores",2020 Jul,1722
443141,"Household appliance stores",2020 Aug,1734
443141,"Household appliance stores",2020 Sep,1648
443141,"Household appliance stores",2020 Oct,1698
443141,"Household appliance stores",2020 Nov,1677
443141,"Household appliance stores",2020 Dec,1731
4441,"Building mat. and supplies dealers",2020 Jan,23544
4441,"Building mat. and supplies dealers",2020 Feb,22860
4441,"Building mat. and supplies dealers",2020 Mar,27723
4441,"Building mat. and supplies dealers",2020 Apr,29679
4441,"Building mat. and supplies dealers",2020 May,35587
4441,"Building mat. and supplies dealers",2020 Jun,36009
4441,"Building mat. and supplies dealers",2020 Jul,34488
4441,"Building mat. and supplies dealers",2020 Aug,32267
4441,"Building mat. and supplies dealers",2020 Sep,32282
4441,"Building mat. and supplies dealers",2020 Oct,32621
4441,"Building mat. and supplies dealers",2020 Nov,30293
4441,"Building mat. and supplies dealers",2020 Dec,29791
44812,"Women's clothing stores",2020 Jan,2436
44812,"Women's clothing stores",2020 Feb,2690
44812,"Women's clothing stores",2020 Mar,1542
44812,"Women's clothing stores",2020 Apr,519
44812,"Women's clothing stores",2020 May,1119
44812,"Women's clothing stores",2020 Jun,2088
44812,"Women's clothing stores",2020 Jul,2509
44812,"Women's clothing stores",2020 Aug,2549
44812,"Women's clothing stores",2020 Sep,2632
44812,"Women's clothing stores",2020 Oct,2788
44812,"Women's clothing stores",2020 Nov,2907
44812,"Women's clothing stores",2020 Dec,3643
45111,"Sporting goods stores",2020 Jan,2937
45111,"Sporting goods stores",2020 Feb,3046
45111,"Sporting goods stores",2020 Mar,3389
45111,"Sporting goods stores",2020 Apr,2557
45111,"Sporting goods stores",2020 May,4301
45111,"Sporting goods stores",2020 Jun,5763
45111,"Sporting goods stores",2020 Jul,5357
45111,"Sporting goods stores",2020 Aug,5004
45111,"Sporting goods stores",2020 Sep,4646
45111,"Sporting goods stores",2020 Oct,4518
45111,"Sporting goods stores",2020 Nov,4567
45111,"Sporting goods stores",2020 Dec,6648
443141,"Household appliance stores",2021 Jan,1597
443141,"Household appliance stores",2021 Feb,1459
443141,"Household appliance stores",2021 Mar,1913
443141,"Household appliance stores",2021 Apr,1809
443141,"Household appliance stores",2021 May,1734
443141,"Household appliance stores",2021 Jun,1865
443141,"Household appliance stores",2021 Jul,1805
443141,"Household appliance stores",2021 Aug,1771
443141,"Household appliance stores",2021 Sep,1758
443141,"Household appliance stores",2021 Oct,1742
443141,"Household appliance stores",2021 Nov,1805
443141,"Household appliance stores",2021 Dec,1719
4441,"Building mat. and supplies dealers",2021 Jan,26836
4441,"Building mat. and supplies dealers",2021 Feb,25395
4441,"Building mat. and supplies dealers",2021 Mar,36967
4441,"Building mat. and supplies dealers",2021 Apr,39564
4441,"Building mat. and supplies dealers",2021 May,39725
4441,"Building mat. and supplies dealers",2021 Jun,39212
4441,"Building mat. and supplies dealers",2021 Jul,36461
4441,"Building mat. and supplies dealers",2021 Aug,35127
4441,"Building mat. and supplies dealers",2021 Sep,34451
4441,"Building mat. and supplies dealers",2021 Oct,34740
4441,"Building mat. and supplies dealers",2021 Nov,35086
4441,"Building mat. and supplies dealers",2021 Dec,33441
44812,"Women's clothing stores",2021 Jan,2183
44812,"Women's clothing stores",2021 Feb,2184
44812,"Women's clothing stores",2021 Mar,3309
44812,"Women's clothing stores",2021 Apr,3329
44812,"Women's clothing stores",2021 May,3596
44812,"Women's clothing stores",2021 Jun,3449
44812,"Women's clothing stores",2021 Jul,3538
44812,"Women's clothing stores",2021 Aug,3319
44812,"Women's clothing stores",2021 Sep,3233
44812,"Women's clothing stores",2021 Oct,3370
44812,"Women's clothing stores",2021 Nov,3922
44812,"Women's clothing stores",2021 Dec,4509
45111,"Sporting goods stores",2021 Jan,4182
45111,"Sporting goods stores",2021 Feb,3692
45111,"Sporting goods stores",2021 Mar,5858
45111,"Sporting goods stores",2021 Apr,5581
45111,"Sporting goods stores",2021 May,5450
45111,"Sporting goods stores",2021 Jun,5898
45111,"Sporting goods stores",2021 Jul,5517
45111,"Sporting goods stores",2021 Aug,5722
45111,"Sporting goods stores",2021 Sep,4792
45111,"Sporting goods stores",2021 Oct,4823
45111,"Sporting goods stores",2021 Nov,5579
45111,"Sporting goods stores",2021 Dec,7407
443141,"Household appliance stores",2022 Jan,1523
443141,"Household appliance stores",2022 Feb,1536
443141,"Household appliance stores",2022 Mar,1777
443141,"Household appliance stores",2022 Apr,1703
443141,"Household appliance stores",2022 May,1762
443141,"Household appliance stores",2022 Jun,1786
443141,"Household appliance stores",2022 Jul,1698
443141,"Household appliance stores",2022 Aug,1801
443141,"Household appliance stores",2022 Sep,1633
443141,"Household appliance stores",2022 Oct,1624
443141,"Household appliance stores",2022 Nov,1730
443141,"Household appliance stores",2022 Dec,1643
4441,"Building mat. and supplies dealers",2022 Jan,29835
4441,"Building mat. and supplies dealers",2022 Feb,29520
4441,"Building mat. and supplies dealers",2022 Mar,38847
4441,"Building mat. and supplies dealers",2022 Apr,39626
4441,"Building mat. and supplies dealers",2022 May,43063
4441,"Building mat. and supplies dealers",2022 Jun,41913
4441,"Building mat. and supplies dealers",2022 Jul,38435
4441,"Building mat. and supplies dealers",2022 Aug,40043
4441,"Building mat. and supplies dealers",2022 Sep,37651
4441,"Building mat. and supplies dealers",2022 Oct,37640
4441,"Building mat. and supplies dealers",2022 Nov,35575
4441,"Building mat. and supplies dealers",2022 Dec,33610
44812,"Women's clothing stores",2022 Jan,2484
44812,"Women's clothing stores",2022 Feb,2813
44812,"Women's clothing stores",2022 Mar,3793
44812,"Women's clothing stores",2022 Apr,3733
44812,"Women's clothing stores",2022 May,3815
44812,"Women's clothing stores",2022 Jun,3333
44812,"Women's clothing stores",2022 Jul,3305
44812,"Women's clothing stores",2022 Aug,3396
44812,"Women's clothing stores",2022 Sep,3279
44812,"Women's clothing stores",2022 Oct,3339
44812,"Women's clothing stores",2022 Nov,3888
44812,"Women's clothing stores",2022 Dec,4660
45111,"Sporting goods stores",2022 Jan,3886
45111,"Sporting goods stores",2022 Feb,4022
45111,"Sporting goods stores",2022 Mar,5271
45111,"Sporting goods stores",2022 Apr,5228
45111,"Sporting goods stores",2022 May,5278
45111,"Sporting goods stores",2022 Jun,5949
45111,"Sporting goods stores",2022 Jul,5658
45111,"Sporting goods stores",2022 Aug,5887
45111,"Sporting goods stores",2022 Sep,4953
45111,"Sporting goods stores",2022 Oct,4957
45111,"Sporting goods stores",2022 Nov,5271
45111,"Sporting goods stores",2022 Dec,7385
